-- phpMyAdmin SQL Dump
-- version 4.8.2
-- https://www.phpmyadmin.net/
--
-- Host: 127.0.0.1
-- Waktu pembuatan: 30 Agu 2019 pada 06.24
-- Versi server: 10.1.34-MariaDB
-- Versi PHP: 7.2.7

SET SQL_MODE = "NO_AUTO_VALUE_ON_ZERO";
SET AUTOCOMMIT = 0;
START TRANSACTION;
SET time_zone = "+00:00";


/*!40101 SET @OLD_CHARACTER_SET_CLIENT=@@CHARACTER_SET_CLIENT */;
/*!40101 SET @OLD_CHARACTER_SET_RESULTS=@@CHARACTER_SET_RESULTS */;
/*!40101 SET @OLD_COLLATION_CONNECTION=@@COLLATION_CONNECTION */;
/*!40101 SET NAMES utf8mb4 */;

--
-- Database: `p_cobit`
--

-- --------------------------------------------------------

--
-- Struktur dari tabel `ds1ac`
--

CREATE TABLE `ds1ac` (
  `kd_user` varchar(10) NOT NULL,
  `ds11ac` int(5) NOT NULL,
  `ds12ac` int(5) NOT NULL,
  `ds13ac` int(5) NOT NULL,
  `ds14ac` int(5) NOT NULL,
  `ds15ac` int(5) NOT NULL,
  `ds16ac` int(5) NOT NULL
) ENGINE=InnoDB DEFAULT CHARSET=latin1;

--
-- Dumping data untuk tabel `ds1ac`
--

INSERT INTO `ds1ac` (`kd_user`, `ds11ac`, `ds12ac`, `ds13ac`, `ds14ac`, `ds15ac`, `ds16ac`) VALUES
('kp_ak', 3, 3, 3, 3, 3, 3),
('kp_it', 5, 4, 4, 4, 4, 4),
('mhs_01', 3, 4, 4, 4, 5, 4),
('mhs_02', 5, 5, 5, 5, 4, 5),
('mhs_03', 5, 4, 5, 4, 4, 5),
('mhs_04', 5, 4, 5, 5, 5, 5),
('mhs_05', 5, 4, 4, 4, 4, 5),
('mhs_06', 4, 4, 4, 4, 4, 4),
('mhs_07', 4, 4, 4, 4, 4, 4),
('mhs_08', 4, 5, 4, 5, 5, 5),
('mhs_09', 4, 4, 4, 4, 4, 4),
('mhs_10', 3, 4, 3, 4, 4, 4),
('mhs_11', 3, 5, 5, 4, 4, 5),
('mhs_12', 3, 4, 3, 4, 4, 4),
('mhs_13', 3, 4, 3, 4, 4, 4),
('mhs_14', 5, 3, 5, 4, 2, 4),
('mhs_15', 4, 5, 5, 5, 4, 4),
('mhs_16', 3, 4, 3, 4, 4, 4),
('mhs_17', 3, 4, 3, 3, 3, 3),
('mhs_18', 5, 4, 3, 3, 4, 4),
('mhs_19', 3, 4, 3, 3, 4, 4),
('mhs_20', 3, 1, 3, 3, 2, 2),
('mhs_21', 5, 5, 5, 4, 3, 5),
('mhs_22', 5, 5, 5, 4, 4, 4),
('mhs_23', 5, 5, 2, 4, 4, 3),
('mhs_24', 3, 4, 4, 4, 5, 4),
('mhs_25', 3, 4, 4, 4, 5, 4),
('mhs_26', 2, 5, 5, 2, 5, 3),
('mhs_27', 5, 4, 3, 3, 5, 3),
('mhs_28', 3, 5, 3, 4, 3, 4),
('mhs_29', 3, 3, 3, 4, 4, 3),
('mhs_30', 5, 5, 5, 5, 5, 5),
('mhs_31', 5, 5, 5, 5, 5, 5),
('mhs_32', 3, 3, 3, 3, 3, 3),
('mhs_33', 4, 4, 4, 4, 4, 4),
('mhs_34', 3, 3, 3, 3, 3, 3),
('mhs_35', 3, 3, 3, 3, 3, 3),
('mhs_36', 3, 3, 3, 3, 4, 5),
('mhs_37', 4, 5, 5, 4, 4, 4),
('mhs_38', 4, 4, 4, 4, 4, 4),
('mhs_39', 4, 4, 4, 5, 4, 4),
('mhs_40', 3, 4, 3, 4, 4, 4),
('mhs_41', 3, 4, 3, 4, 4, 4),
('mhs_42', 3, 4, 3, 4, 4, 4),
('mhs_43', 4, 4, 4, 4, 4, 4),
('mhs_44', 4, 5, 4, 4, 4, 4),
('mhs_45', 3, 3, 3, 4, 4, 3),
('mhs_46', 4, 4, 4, 4, 4, 4),
('mhs_47', 4, 4, 4, 4, 4, 4),
('mhs_48', 4, 4, 3, 4, 5, 5),
('mhs_49', 4, 4, 3, 4, 5, 5),
('mhs_50', 4, 5, 3, 4, 3, 4),
('mhs_51', 3, 1, 3, 3, 3, 3),
('mhs_52', 3, 4, 4, 3, 2, 3),
('mhs_53', 3, 3, 3, 4, 4, 3),
('mhs_54', 4, 4, 4, 4, 4, 4),
('mhs_55', 4, 4, 4, 4, 4, 4),
('mhs_56', 5, 5, 5, 5, 5, 5),
('mhs_57', 5, 5, 5, 5, 4, 4),
('mhs_58', 4, 4, 5, 3, 4, 3),
('mhs_59', 3, 4, 3, 3, 2, 3),
('mhs_60', 3, 4, 3, 3, 2, 3),
('mhs_61', 5, 5, 3, 3, 3, 2),
('mhs_62', 4, 4, 4, 4, 4, 4),
('mhs_63', 4, 5, 4, 3, 4, 3),
('mhs_64', 3, 4, 4, 5, 4, 3),
('mhs_65', 5, 4, 4, 5, 3, 4),
('mhs_66', 4, 4, 4, 4, 5, 5),
('mhs_67', 3, 4, 5, 5, 4, 5),
('mhs_68', 3, 4, 5, 5, 4, 5),
('mhs_69', 3, 3, 3, 3, 3, 3),
('mhs_70', 4, 5, 5, 4, 4, 4),
('mhs_71', 5, 5, 5, 5, 5, 5),
('mhs_72', 5, 4, 5, 5, 5, 5),
('mhs_73', 1, 4, 4, 4, 4, 4),
('mhs_74', 4, 4, 4, 4, 4, 4),
('mhs_75', 4, 4, 4, 4, 4, 4),
('mhs_76', 4, 4, 4, 4, 4, 4),
('mhs_77', 4, 5, 5, 4, 3, 5),
('mhs_78', 3, 3, 3, 3, 3, 3),
('mhs_79', 4, 4, 5, 5, 5, 5),
('mhs_80', 4, 4, 4, 4, 3, 3),
('mhs_81', 4, 4, 4, 4, 4, 4),
('mhs_82', 5, 4, 4, 3, 4, 3),
('mhs_83', 5, 5, 5, 5, 5, 5),
('mhs_84', 5, 5, 5, 5, 5, 4),
('mhs_85', 5, 5, 4, 4, 4, 4),
('mhs_86', 4, 4, 4, 4, 4, 4),
('mhs_87', 3, 3, 5, 3, 3, 5),
('mhs_88', 4, 3, 3, 3, 2, 3),
('mhs_89', 3, 4, 3, 3, 3, 3),
('mhs_90', 4, 4, 3, 3, 3, 4),
('mhs_91', 3, 4, 3, 3, 4, 4),
('mhs_92', 5, 4, 4, 4, 4, 3),
('mhs_93', 5, 5, 4, 4, 5, 5),
('mhs_94', 5, 4, 4, 4, 4, 5),
('mhs_95', 4, 4, 4, 3, 3, 3),
('staff_it', 4, 5, 3, 5, 4, 3),
('stf_ak1', 3, 4, 3, 4, 5, 3),
('stf_ak2', 1, 2, 3, 4, 2, 4),
('stf_ak3', 3, 4, 3, 4, 3, 4),
('stf_ak4', 3, 4, 3, 4, 4, 3);

-- --------------------------------------------------------

--
-- Struktur dari tabel `ds1gsm`
--

CREATE TABLE `ds1gsm` (
  `kd_user` varchar(10) NOT NULL,
  `ds11gsm` int(5) NOT NULL,
  `ds12gsm` int(5) NOT NULL,
  `ds13gsm` int(5) NOT NULL,
  `ds14gsm` int(5) NOT NULL,
  `ds15gsm` int(5) NOT NULL,
  `ds16gsm` int(5) NOT NULL
) ENGINE=InnoDB DEFAULT CHARSET=latin1;

--
-- Dumping data untuk tabel `ds1gsm`
--

INSERT INTO `ds1gsm` (`kd_user`, `ds11gsm`, `ds12gsm`, `ds13gsm`, `ds14gsm`, `ds15gsm`, `ds16gsm`) VALUES
('kp_ak', 3, 3, 3, 3, 3, 3),
('kp_it', 3, 4, 4, 3, 3, 3),
('mhs_01', 2, 4, 3, 4, 4, 5),
('mhs_02', 5, 5, 5, 5, 5, 5),
('mhs_03', 5, 5, 5, 5, 5, 5),
('mhs_04', 4, 4, 4, 4, 5, 5),
('mhs_05', 4, 4, 5, 5, 5, 5),
('mhs_06', 5, 5, 5, 5, 5, 5),
('mhs_07', 5, 5, 5, 5, 5, 5),
('mhs_08', 5, 4, 5, 4, 5, 4),
('mhs_09', 5, 5, 5, 5, 5, 5),
('mhs_10', 2, 2, 2, 3, 2, 2),
('mhs_11', 5, 5, 5, 4, 5, 5),
('mhs_12', 2, 2, 2, 3, 2, 2),
('mhs_13', 2, 2, 2, 3, 2, 2),
('mhs_14', 5, 5, 4, 4, 4, 5),
('mhs_15', 5, 4, 5, 5, 5, 4),
('mhs_16', 3, 4, 4, 4, 4, 4),
('mhs_17', 4, 5, 3, 4, 4, 3),
('mhs_18', 4, 4, 4, 5, 5, 5),
('mhs_19', 3, 3, 3, 3, 3, 3),
('mhs_20', 5, 4, 4, 5, 4, 5),
('mhs_21', 4, 5, 3, 5, 4, 5),
('mhs_22', 3, 3, 3, 3, 3, 3),
('mhs_23', 4, 5, 4, 5, 5, 5),
('mhs_24', 3, 4, 4, 3, 4, 4),
('mhs_25', 4, 4, 3, 3, 4, 3),
('mhs_26', 5, 4, 4, 3, 5, 2),
('mhs_27', 5, 4, 5, 5, 4, 4),
('mhs_28', 4, 5, 3, 4, 5, 4),
('mhs_29', 3, 3, 4, 3, 3, 3),
('mhs_30', 2, 4, 3, 3, 4, 4),
('mhs_31', 4, 4, 5, 4, 4, 4),
('mhs_32', 3, 3, 3, 3, 3, 3),
('mhs_33', 3, 4, 4, 4, 5, 4),
('mhs_34', 3, 3, 3, 3, 3, 3),
('mhs_35', 2, 3, 3, 3, 3, 3),
('mhs_36', 4, 4, 4, 4, 4, 5),
('mhs_37', 4, 4, 5, 5, 4, 4),
('mhs_38', 4, 5, 5, 5, 5, 5),
('mhs_39', 4, 4, 4, 5, 4, 5),
('mhs_40', 3, 4, 5, 4, 3, 5),
('mhs_41', 3, 4, 5, 4, 3, 5),
('mhs_42', 5, 4, 5, 5, 5, 4),
('mhs_43', 3, 3, 3, 3, 3, 3),
('mhs_44', 4, 4, 4, 4, 4, 4),
('mhs_45', 3, 3, 4, 3, 3, 3),
('mhs_46', 5, 5, 5, 5, 5, 5),
('mhs_47', 4, 5, 5, 5, 5, 5),
('mhs_48', 4, 4, 3, 2, 2, 5),
('mhs_49', 4, 3, 2, 2, 5, 5),
('mhs_50', 4, 5, 3, 4, 5, 4),
('mhs_51', 4, 4, 4, 4, 4, 4),
('mhs_52', 3, 4, 3, 5, 4, 4),
('mhs_53', 3, 3, 4, 3, 3, 3),
('mhs_54', 4, 3, 3, 3, 4, 4),
('mhs_55', 4, 4, 3, 4, 3, 3),
('mhs_56', 5, 4, 4, 4, 5, 4),
('mhs_57', 5, 4, 5, 5, 4, 4),
('mhs_58', 3, 4, 4, 3, 5, 5),
('mhs_59', 4, 5, 4, 5, 5, 4),
('mhs_60', 4, 5, 4, 5, 5, 4),
('mhs_61', 4, 4, 3, 4, 3, 4),
('mhs_62', 4, 4, 3, 4, 3, 4),
('mhs_63', 3, 4, 3, 4, 5, 4),
('mhs_64', 3, 4, 4, 3, 4, 3),
('mhs_65', 2, 4, 5, 5, 4, 3),
('mhs_66', 3, 4, 4, 4, 3, 4),
('mhs_67', 5, 4, 4, 4, 5, 3),
('mhs_68', 3, 4, 4, 4, 3, 4),
('mhs_69', 3, 3, 3, 3, 3, 3),
('mhs_70', 4, 4, 5, 4, 4, 5),
('mhs_71', 5, 5, 5, 5, 5, 5),
('mhs_72', 5, 5, 5, 5, 5, 5),
('mhs_73', 3, 3, 3, 3, 3, 3),
('mhs_74', 4, 4, 4, 4, 4, 4),
('mhs_75', 4, 4, 4, 4, 4, 4),
('mhs_76', 4, 4, 4, 4, 4, 4),
('mhs_77', 4, 5, 3, 4, 5, 4),
('mhs_78', 4, 4, 4, 4, 4, 4),
('mhs_79', 4, 4, 4, 4, 4, 4),
('mhs_80', 3, 4, 5, 4, 3, 4),
('mhs_81', 4, 5, 4, 5, 4, 5),
('mhs_82', 4, 3, 5, 3, 4, 5),
('mhs_83', 4, 4, 4, 5, 4, 4),
('mhs_84', 5, 5, 5, 5, 5, 5),
('mhs_85', 3, 3, 4, 4, 4, 4),
('mhs_86', 4, 3, 3, 4, 4, 3),
('mhs_87', 0, 0, 0, 0, 2, 2),
('mhs_88', 4, 4, 3, 4, 4, 5),
('mhs_89', 3, 3, 3, 3, 3, 3),
('mhs_90', 4, 3, 5, 4, 3, 5),
('mhs_91', 2, 2, 2, 2, 2, 3),
('mhs_92', 3, 3, 3, 4, 4, 5),
('mhs_93', 4, 5, 4, 5, 5, 4),
('mhs_94', 4, 3, 3, 3, 3, 3),
('mhs_95', 5, 5, 5, 5, 5, 5),
('staff_it', 3, 4, 4, 4, 4, 5),
('stf_ak1', 3, 3, 3, 4, 4, 4),
('stf_ak2', 1, 1, 2, 1, 1, 1),
('stf_ak3', 3, 3, 3, 3, 3, 3),
('stf_ak4', 3, 3, 4, 4, 3, 3);

-- --------------------------------------------------------

--
-- Struktur dari tabel `ds1psp`
--

CREATE TABLE `ds1psp` (
  `kd_user` varchar(10) NOT NULL,
  `ds11psp` int(5) NOT NULL,
  `ds12psp` int(5) NOT NULL,
  `ds13psp` int(5) NOT NULL,
  `ds14psp` int(5) NOT NULL,
  `ds15psp` int(5) NOT NULL,
  `ds16psp` int(5) NOT NULL
) ENGINE=InnoDB DEFAULT CHARSET=latin1;

--
-- Dumping data untuk tabel `ds1psp`
--

INSERT INTO `ds1psp` (`kd_user`, `ds11psp`, `ds12psp`, `ds13psp`, `ds14psp`, `ds15psp`, `ds16psp`) VALUES
('kp_ak', 3, 3, 3, 3, 3, 3),
('kp_it', 5, 5, 4, 4, 4, 4),
('mhs_01', 2, 3, 3, 3, 4, 3),
('mhs_02', 5, 5, 5, 5, 5, 5),
('mhs_03', 5, 4, 5, 5, 5, 5),
('mhs_04', 3, 4, 4, 5, 5, 5),
('mhs_05', 4, 4, 5, 5, 5, 4),
('mhs_06', 4, 4, 4, 4, 4, 4),
('mhs_07', 4, 4, 4, 4, 4, 4),
('mhs_08', 3, 4, 5, 4, 5, 5),
('mhs_09', 4, 4, 4, 4, 4, 4),
('mhs_10', 4, 4, 3, 3, 4, 5),
('mhs_11', 5, 5, 5, 5, 5, 5),
('mhs_12', 4, 4, 3, 3, 4, 4),
('mhs_13', 4, 4, 3, 3, 4, 4),
('mhs_14', 4, 4, 3, 5, 3, 5),
('mhs_15', 5, 4, 5, 5, 4, 5),
('mhs_16', 4, 4, 4, 5, 5, 4),
('mhs_17', 5, 5, 5, 5, 5, 5),
('mhs_18', 4, 4, 3, 3, 4, 5),
('mhs_19', 4, 4, 3, 4, 3, 5),
('mhs_20', 1, 5, 2, 3, 4, 3),
('mhs_21', 5, 3, 4, 4, 3, 4),
('mhs_22', 5, 4, 3, 4, 4, 4),
('mhs_23', 4, 4, 4, 4, 5, 4),
('mhs_24', 3, 3, 4, 4, 3, 4),
('mhs_25', 2, 3, 3, 3, 4, 3),
('mhs_26', 3, 4, 2, 5, 5, 5),
('mhs_27', 5, 3, 5, 5, 3, 5),
('mhs_28', 4, 4, 5, 3, 4, 4),
('mhs_29', 3, 4, 3, 3, 4, 4),
('mhs_30', 4, 5, 5, 5, 4, 5),
('mhs_31', 5, 5, 5, 4, 4, 4),
('mhs_32', 3, 3, 3, 3, 3, 3),
('mhs_33', 4, 4, 5, 4, 3, 3),
('mhs_34', 3, 3, 3, 3, 3, 3),
('mhs_35', 3, 3, 3, 3, 3, 3),
('mhs_36', 4, 4, 4, 4, 3, 4),
('mhs_37', 5, 5, 4, 5, 5, 5),
('mhs_38', 4, 4, 4, 4, 4, 4),
('mhs_39', 5, 5, 4, 4, 3, 5),
('mhs_40', 3, 4, 3, 3, 4, 3),
('mhs_41', 3, 4, 3, 3, 4, 3),
('mhs_42', 4, 4, 3, 4, 4, 4),
('mhs_43', 4, 4, 3, 3, 4, 3),
('mhs_44', 4, 4, 4, 5, 5, 4),
('mhs_45', 3, 4, 3, 3, 4, 4),
('mhs_46', 4, 4, 4, 4, 4, 4),
('mhs_47', 4, 4, 4, 4, 4, 4),
('mhs_48', 5, 4, 5, 4, 3, 3),
('mhs_49', 4, 4, 5, 5, 3, 4),
('mhs_50', 4, 4, 5, 3, 4, 4),
('mhs_51', 3, 4, 3, 4, 4, 4),
('mhs_52', 3, 4, 4, 5, 3, 4),
('mhs_53', 3, 4, 3, 3, 4, 4),
('mhs_54', 4, 4, 4, 4, 4, 4),
('mhs_55', 4, 4, 4, 4, 4, 4),
('mhs_56', 5, 5, 5, 4, 5, 5),
('mhs_57', 5, 5, 5, 4, 5, 4),
('mhs_58', 3, 3, 4, 5, 4, 5),
('mhs_59', 5, 5, 5, 4, 5, 4),
('mhs_60', 5, 5, 5, 4, 5, 4),
('mhs_61', 1, 3, 4, 3, 3, 2),
('mhs_62', 5, 5, 5, 4, 4, 4),
('mhs_63', 4, 3, 3, 5, 4, 5),
('mhs_64', 5, 5, 5, 4, 5, 4),
('mhs_65', 4, 5, 4, 5, 4, 5),
('mhs_66', 3, 3, 4, 4, 4, 4),
('mhs_67', 4, 5, 5, 3, 4, 5),
('mhs_68', 4, 5, 4, 4, 4, 4),
('mhs_69', 4, 4, 4, 4, 4, 4),
('mhs_70', 5, 5, 4, 4, 5, 4),
('mhs_71', 5, 5, 5, 4, 4, 4),
('mhs_72', 5, 5, 5, 4, 4, 4),
('mhs_73', 3, 3, 4, 3, 3, 3),
('mhs_74', 4, 5, 4, 4, 4, 4),
('mhs_75', 4, 4, 4, 4, 4, 4),
('mhs_76', 5, 5, 5, 2, 2, 2),
('mhs_77', 5, 4, 5, 5, 4, 5),
('mhs_78', 4, 4, 4, 4, 4, 4),
('mhs_79', 4, 4, 4, 4, 4, 4),
('mhs_80', 4, 4, 3, 5, 4, 5),
('mhs_81', 5, 5, 4, 4, 3, 5),
('mhs_82', 5, 3, 4, 5, 4, 4),
('mhs_83', 4, 4, 4, 5, 4, 5),
('mhs_84', 4, 4, 4, 4, 4, 4),
('mhs_85', 4, 4, 4, 3, 4, 5),
('mhs_86', 3, 4, 4, 4, 4, 4),
('mhs_87', 4, 5, 4, 3, 4, 5),
('mhs_88', 4, 3, 3, 4, 5, 4),
('mhs_89', 3, 3, 4, 3, 3, 3),
('mhs_90', 2, 1, 2, 3, 4, 3),
('mhs_91', 4, 4, 3, 3, 3, 4),
('mhs_92', 2, 2, 2, 2, 3, 2),
('mhs_93', 5, 5, 5, 4, 5, 4),
('mhs_94', 4, 4, 3, 3, 3, 4),
('mhs_95', 5, 4, 4, 5, 3, 5),
('staff_it', 3, 4, 4, 4, 5, 5),
('stf_ak1', 3, 3, 4, 3, 2, 3),
('stf_ak2', 1, 2, 2, 3, 2, 3),
('stf_ak3', 3, 3, 3, 3, 3, 3),
('stf_ak4', 2, 2, 2, 2, 2, 2);

-- --------------------------------------------------------

--
-- Struktur dari tabel `ds1ra`
--

CREATE TABLE `ds1ra` (
  `kd_user` varchar(10) NOT NULL,
  `ds11ra` int(5) NOT NULL,
  `ds12ra` int(5) NOT NULL,
  `ds13ra` int(5) NOT NULL,
  `ds14ra` int(5) NOT NULL,
  `ds15ra` int(5) NOT NULL,
  `ds16ra` int(5) NOT NULL
) ENGINE=InnoDB DEFAULT CHARSET=latin1;

--
-- Dumping data untuk tabel `ds1ra`
--

INSERT INTO `ds1ra` (`kd_user`, `ds11ra`, `ds12ra`, `ds13ra`, `ds14ra`, `ds15ra`, `ds16ra`) VALUES
('kp_ak', 3, 3, 3, 3, 3, 3),
('kp_it', 3, 3, 4, 3, 3, 4),
('mhs_01', 3, 4, 4, 4, 5, 5),
('mhs_02', 5, 5, 5, 5, 4, 5),
('mhs_03', 5, 5, 5, 5, 5, 5),
('mhs_04', 4, 5, 5, 5, 4, 4),
('mhs_05', 5, 5, 5, 5, 5, 5),
('mhs_06', 5, 5, 5, 5, 5, 5),
('mhs_07', 5, 5, 5, 5, 5, 5),
('mhs_08', 5, 5, 4, 5, 5, 4),
('mhs_09', 5, 5, 5, 5, 5, 5),
('mhs_10', 5, 5, 5, 3, 3, 3),
('mhs_11', 4, 5, 5, 4, 5, 5),
('mhs_12', 5, 5, 5, 3, 3, 3),
('mhs_13', 4, 5, 4, 4, 5, 4),
('mhs_14', 4, 4, 5, 5, 5, 5),
('mhs_15', 5, 5, 4, 4, 4, 5),
('mhs_16', 3, 4, 4, 4, 4, 3),
('mhs_17', 3, 4, 4, 5, 4, 4),
('mhs_18', 4, 4, 4, 4, 3, 3),
('mhs_19', 4, 4, 4, 4, 3, 3),
('mhs_20', 4, 4, 4, 5, 5, 4),
('mhs_21', 5, 5, 5, 5, 5, 5),
('mhs_22', 3, 3, 3, 3, 3, 3),
('mhs_23', 4, 4, 4, 5, 4, 5),
('mhs_24', 3, 4, 4, 3, 4, 4),
('mhs_25', 2, 4, 3, 4, 4, 4),
('mhs_26', 4, 3, 4, 3, 4, 3),
('mhs_27', 5, 4, 3, 4, 4, 5),
('mhs_28', 5, 4, 4, 5, 4, 4),
('mhs_29', 4, 3, 3, 3, 3, 4),
('mhs_30', 4, 4, 5, 4, 5, 5),
('mhs_31', 5, 5, 5, 5, 5, 5),
('mhs_32', 3, 3, 3, 3, 3, 3),
('mhs_33', 5, 4, 4, 5, 4, 4),
('mhs_34', 3, 3, 3, 3, 3, 3),
('mhs_35', 2, 3, 3, 3, 3, 3),
('mhs_36', 3, 4, 3, 4, 4, 4),
('mhs_37', 5, 5, 4, 4, 5, 5),
('mhs_38', 4, 5, 4, 4, 5, 5),
('mhs_39', 4, 5, 4, 5, 5, 5),
('mhs_40', 4, 4, 4, 4, 5, 5),
('mhs_41', 4, 4, 4, 4, 5, 5),
('mhs_42', 4, 4, 3, 4, 4, 5),
('mhs_43', 4, 4, 3, 3, 3, 3),
('mhs_44', 4, 4, 4, 4, 4, 4),
('mhs_45', 4, 3, 3, 3, 3, 4),
('mhs_46', 5, 5, 5, 5, 5, 5),
('mhs_47', 4, 5, 5, 5, 5, 5),
('mhs_48', 4, 4, 5, 3, 4, 4),
('mhs_49', 4, 5, 4, 5, 5, 4),
('mhs_50', 5, 4, 5, 5, 5, 5),
('mhs_51', 5, 4, 5, 5, 4, 4),
('mhs_52', 3, 4, 4, 3, 3, 4),
('mhs_53', 4, 3, 3, 3, 3, 4),
('mhs_54', 4, 3, 3, 4, 4, 3),
('mhs_55', 4, 3, 4, 4, 3, 4),
('mhs_56', 5, 4, 5, 4, 4, 5),
('mhs_57', 5, 5, 4, 4, 5, 4),
('mhs_58', 4, 4, 3, 4, 5, 5),
('mhs_59', 4, 5, 4, 5, 5, 4),
('mhs_60', 3, 4, 3, 3, 3, 3),
('mhs_61', 5, 5, 5, 5, 5, 5),
('mhs_62', 5, 5, 5, 5, 5, 5),
('mhs_63', 4, 4, 5, 4, 5, 5),
('mhs_64', 3, 3, 4, 3, 3, 3),
('mhs_65', 3, 2, 4, 5, 3, 5),
('mhs_66', 5, 5, 5, 5, 5, 5),
('mhs_67', 4, 5, 5, 4, 4, 5),
('mhs_68', 4, 4, 5, 4, 5, 5),
('mhs_69', 3, 3, 3, 3, 3, 3),
('mhs_70', 5, 5, 4, 4, 5, 5),
('mhs_71', 5, 5, 5, 5, 5, 5),
('mhs_72', 4, 4, 4, 4, 4, 4),
('mhs_73', 3, 3, 4, 4, 4, 4),
('mhs_74', 4, 4, 4, 4, 4, 4),
('mhs_75', 4, 4, 4, 4, 4, 4),
('mhs_76', 5, 5, 5, 5, 5, 5),
('mhs_77', 5, 5, 5, 5, 4, 5),
('mhs_78', 4, 4, 5, 5, 4, 4),
('mhs_79', 4, 4, 5, 5, 4, 4),
('mhs_80', 3, 4, 5, 4, 5, 4),
('mhs_81', 4, 5, 4, 5, 4, 5),
('mhs_82', 4, 3, 3, 4, 3, 4),
('mhs_83', 5, 5, 5, 5, 5, 5),
('mhs_84', 5, 4, 5, 4, 4, 5),
('mhs_85', 2, 3, 3, 4, 4, 4),
('mhs_86', 3, 4, 5, 4, 3, 4),
('mhs_87', 3, 3, 4, 3, 3, 4),
('mhs_88', 4, 3, 5, 5, 4, 4),
('mhs_89', 3, 4, 4, 4, 4, 4),
('mhs_90', 3, 2, 3, 4, 3, 3),
('mhs_91', 2, 3, 3, 3, 3, 2),
('mhs_92', 2, 2, 4, 5, 5, 5),
('mhs_93', 4, 5, 4, 5, 5, 4),
('mhs_94', 4, 4, 4, 4, 4, 4),
('mhs_95', 4, 4, 4, 4, 4, 4),
('staff_it', 4, 3, 4, 5, 4, 3),
('stf_ak1', 3, 3, 4, 4, 4, 4),
('stf_ak2', 1, 1, 2, 2, 2, 3),
('stf_ak3', 2, 2, 4, 3, 3, 4),
('stf_ak4', 3, 4, 3, 4, 4, 3);

-- --------------------------------------------------------

--
-- Struktur dari tabel `ds1se`
--

CREATE TABLE `ds1se` (
  `kd_user` varchar(10) NOT NULL,
  `ds11se` int(5) NOT NULL,
  `ds12se` int(5) NOT NULL,
  `ds13se` int(5) NOT NULL,
  `ds14se` int(5) NOT NULL,
  `ds15se` int(5) NOT NULL,
  `ds16se` int(5) NOT NULL
) ENGINE=InnoDB DEFAULT CHARSET=latin1;

--
-- Dumping data untuk tabel `ds1se`
--

INSERT INTO `ds1se` (`kd_user`, `ds11se`, `ds12se`, `ds13se`, `ds14se`, `ds15se`, `ds16se`) VALUES
('kp_ak', 4, 4, 4, 4, 4, 4),
('kp_it', 4, 4, 3, 4, 3, 4),
('mhs_01', 3, 3, 3, 2, 4, 2),
('mhs_02', 4, 4, 4, 4, 4, 4),
('mhs_03', 5, 5, 5, 5, 5, 5),
('mhs_04', 4, 4, 5, 5, 4, 4),
('mhs_05', 5, 4, 5, 5, 5, 4),
('mhs_06', 4, 4, 4, 4, 4, 4),
('mhs_07', 4, 4, 4, 4, 4, 4),
('mhs_08', 4, 5, 5, 4, 5, 5),
('mhs_09', 4, 4, 4, 4, 4, 4),
('mhs_10', 4, 5, 4, 4, 5, 4),
('mhs_11', 3, 3, 3, 3, 3, 3),
('mhs_12', 4, 5, 4, 4, 5, 4),
('mhs_13', 4, 4, 5, 4, 4, 5),
('mhs_14', 5, 4, 4, 5, 5, 4),
('mhs_15', 4, 5, 4, 4, 5, 4),
('mhs_16', 4, 5, 4, 4, 4, 4),
('mhs_17', 4, 4, 4, 4, 4, 5),
('mhs_18', 3, 4, 5, 3, 3, 4),
('mhs_19', 3, 4, 3, 4, 3, 4),
('mhs_20', 2, 2, 2, 2, 2, 2),
('mhs_21', 3, 4, 4, 3, 3, 3),
('mhs_22', 5, 5, 5, 5, 5, 5),
('mhs_23', 4, 4, 3, 4, 4, 4),
('mhs_24', 3, 4, 3, 4, 4, 4),
('mhs_25', 3, 4, 4, 4, 5, 5),
('mhs_26', 3, 4, 5, 3, 5, 4),
('mhs_27', 5, 4, 3, 4, 4, 5),
('mhs_28', 4, 5, 4, 3, 4, 5),
('mhs_29', 4, 3, 3, 3, 4, 3),
('mhs_30', 5, 5, 5, 5, 5, 5),
('mhs_31', 4, 4, 4, 5, 5, 4),
('mhs_32', 3, 3, 3, 3, 3, 3),
('mhs_33', 4, 3, 4, 4, 4, 5),
('mhs_34', 3, 3, 3, 3, 3, 3),
('mhs_35', 2, 3, 3, 3, 3, 3),
('mhs_36', 4, 4, 4, 4, 4, 4),
('mhs_37', 4, 5, 4, 4, 5, 4),
('mhs_38', 4, 4, 5, 5, 5, 5),
('mhs_39', 4, 5, 4, 4, 5, 4),
('mhs_40', 3, 3, 4, 4, 3, 3),
('mhs_41', 3, 3, 5, 5, 4, 3),
('mhs_42', 3, 4, 3, 4, 4, 4),
('mhs_43', 4, 3, 4, 3, 4, 3),
('mhs_44', 4, 4, 4, 4, 4, 4),
('mhs_45', 4, 3, 3, 3, 4, 3),
('mhs_46', 4, 4, 5, 5, 5, 5),
('mhs_47', 4, 5, 5, 5, 5, 5),
('mhs_48', 4, 4, 3, 4, 3, 4),
('mhs_49', 5, 5, 4, 5, 5, 3),
('mhs_50', 4, 5, 4, 3, 4, 5),
('mhs_51', 4, 5, 4, 5, 4, 5),
('mhs_52', 4, 4, 4, 4, 3, 4),
('mhs_53', 4, 3, 3, 3, 4, 3),
('mhs_54', 4, 4, 4, 3, 3, 4),
('mhs_55', 4, 4, 4, 4, 4, 4),
('mhs_56', 5, 5, 4, 4, 5, 5),
('mhs_57', 5, 4, 5, 5, 4, 4),
('mhs_58', 4, 5, 5, 4, 3, 4),
('mhs_59', 4, 5, 4, 5, 5, 4),
('mhs_60', 4, 5, 4, 5, 5, 4),
('mhs_61', 5, 5, 5, 5, 5, 4),
('mhs_62', 5, 5, 5, 5, 5, 4),
('mhs_63', 4, 3, 3, 4, 5, 5),
('mhs_64', 4, 3, 3, 4, 3, 4),
('mhs_65', 3, 4, 4, 3, 5, 4),
('mhs_66', 4, 3, 4, 4, 4, 4),
('mhs_67', 5, 5, 4, 4, 3, 2),
('mhs_68', 4, 4, 5, 4, 5, 5),
('mhs_69', 3, 3, 3, 3, 3, 3),
('mhs_70', 4, 5, 4, 4, 5, 4),
('mhs_71', 5, 5, 5, 5, 5, 5),
('mhs_72', 5, 5, 5, 5, 5, 5),
('mhs_73', 3, 3, 3, 3, 3, 3),
('mhs_74', 3, 3, 3, 3, 3, 3),
('mhs_75', 4, 4, 4, 4, 4, 4),
('mhs_76', 4, 4, 4, 4, 4, 4),
('mhs_77', 5, 5, 5, 4, 5, 5),
('mhs_78', 4, 4, 4, 4, 4, 4),
('mhs_79', 4, 4, 4, 4, 4, 4),
('mhs_80', 3, 4, 4, 3, 3, 5),
('mhs_81', 4, 5, 4, 5, 4, 5),
('mhs_82', 4, 3, 4, 3, 4, 3),
('mhs_83', 5, 5, 5, 5, 5, 5),
('mhs_84', 4, 5, 4, 4, 5, 4),
('mhs_85', 4, 4, 5, 4, 5, 4),
('mhs_86', 4, 4, 4, 4, 4, 4),
('mhs_87', 3, 3, 3, 3, 3, 4),
('mhs_88', 3, 4, 4, 4, 4, 4),
('mhs_89', 2, 3, 3, 3, 3, 3),
('mhs_90', 3, 2, 3, 4, 3, 2),
('mhs_91', 2, 2, 3, 2, 2, 2),
('mhs_92', 3, 3, 4, 5, 4, 4),
('mhs_93', 4, 5, 4, 5, 5, 4),
('mhs_94', 4, 4, 4, 4, 4, 4),
('mhs_95', 4, 4, 5, 5, 4, 5),
('staff_it', 3, 4, 4, 5, 3, 4),
('stf_ak1', 4, 4, 3, 2, 3, 3),
('stf_ak2', 1, 2, 2, 2, 2, 2),
('stf_ak3', 2, 2, 2, 4, 2, 2),
('stf_ak4', 3, 3, 4, 4, 3, 4);

-- --------------------------------------------------------

--
-- Struktur dari tabel `ds1ta`
--

CREATE TABLE `ds1ta` (
  `kd_user` varchar(10) NOT NULL,
  `ds11ta` int(5) NOT NULL,
  `ds12ta` int(5) NOT NULL,
  `ds13ta` int(5) NOT NULL,
  `ds14ta` int(5) NOT NULL,
  `ds15ta` int(5) NOT NULL,
  `ds16ta` int(5) NOT NULL
) ENGINE=InnoDB DEFAULT CHARSET=latin1;

--
-- Dumping data untuk tabel `ds1ta`
--

INSERT INTO `ds1ta` (`kd_user`, `ds11ta`, `ds12ta`, `ds13ta`, `ds14ta`, `ds15ta`, `ds16ta`) VALUES
('kp_ak', 4, 4, 4, 4, 4, 4),
('kp_it', 4, 4, 4, 4, 4, 4),
('mhs_01', 3, 3, 3, 2, 4, 2),
('mhs_02', 4, 4, 4, 4, 4, 4),
('mhs_03', 5, 5, 5, 4, 5, 5),
('mhs_04', 4, 3, 5, 5, 4, 5),
('mhs_05', 5, 5, 5, 4, 5, 4),
('mhs_06', 4, 4, 4, 4, 4, 4),
('mhs_07', 4, 4, 4, 4, 4, 4),
('mhs_08', 5, 4, 5, 4, 5, 5),
('mhs_09', 4, 4, 4, 4, 4, 4),
('mhs_10', 4, 4, 5, 4, 4, 5),
('mhs_11', 4, 4, 4, 4, 4, 4),
('mhs_12', 4, 4, 5, 4, 4, 5),
('mhs_13', 4, 4, 5, 4, 4, 5),
('mhs_14', 5, 3, 5, 5, 4, 3),
('mhs_15', 5, 4, 4, 5, 5, 4),
('mhs_16', 4, 5, 4, 5, 4, 5),
('mhs_17', 4, 4, 4, 4, 4, 4),
('mhs_18', 4, 4, 5, 4, 4, 5),
('mhs_19', 4, 5, 4, 3, 4, 3),
('mhs_20', 1, 1, 1, 1, 1, 1),
('mhs_21', 4, 4, 4, 4, 4, 4),
('mhs_22', 4, 4, 4, 4, 4, 4),
('mhs_23', 4, 4, 4, 4, 4, 4),
('mhs_24', 5, 4, 4, 3, 4, 4),
('mhs_25', 3, 3, 3, 2, 5, 2),
('mhs_26', 5, 5, 5, 5, 5, 5),
('mhs_27', 3, 5, 4, 5, 3, 3),
('mhs_28', 4, 3, 4, 3, 3, 3),
('mhs_29', 4, 4, 3, 4, 4, 4),
('mhs_30', 5, 5, 5, 5, 5, 5),
('mhs_31', 5, 5, 5, 5, 5, 5),
('mhs_32', 3, 3, 3, 3, 3, 3),
('mhs_33', 3, 3, 3, 4, 4, 3),
('mhs_34', 3, 3, 3, 3, 3, 3),
('mhs_35', 4, 4, 4, 3, 3, 3),
('mhs_36', 4, 4, 4, 4, 4, 4),
('mhs_37', 4, 5, 5, 5, 5, 5),
('mhs_38', 4, 5, 5, 5, 5, 5),
('mhs_39', 4, 5, 4, 4, 5, 4),
('mhs_40', 3, 4, 3, 4, 4, 3),
('mhs_41', 4, 4, 3, 4, 4, 4),
('mhs_42', 4, 4, 3, 4, 4, 3),
('mhs_43', 4, 3, 3, 3, 3, 3),
('mhs_44', 4, 4, 4, 4, 4, 4),
('mhs_45', 4, 4, 3, 4, 4, 4),
('mhs_46', 4, 4, 4, 4, 4, 4),
('mhs_47', 4, 5, 5, 5, 5, 5),
('mhs_48', 5, 5, 4, 3, 4, 5),
('mhs_49', 5, 5, 4, 3, 4, 5),
('mhs_50', 4, 3, 4, 3, 3, 3),
('mhs_51', 5, 5, 5, 5, 5, 5),
('mhs_52', 3, 3, 4, 3, 3, 3),
('mhs_53', 4, 4, 3, 4, 4, 4),
('mhs_54', 4, 4, 4, 4, 4, 4),
('mhs_55', 4, 4, 4, 4, 4, 4),
('mhs_56', 5, 4, 4, 5, 4, 5),
('mhs_57', 5, 4, 5, 4, 5, 5),
('mhs_58', 3, 4, 3, 5, 4, 4),
('mhs_59', 4, 5, 5, 4, 4, 4),
('mhs_60', 4, 5, 5, 4, 4, 4),
('mhs_61', 3, 3, 4, 5, 3, 4),
('mhs_62', 4, 4, 4, 3, 3, 4),
('mhs_63', 4, 4, 3, 4, 5, 5),
('mhs_64', 4, 5, 5, 4, 4, 4),
('mhs_65', 4, 4, 4, 4, 4, 4),
('mhs_66', 4, 4, 4, 4, 4, 4),
('mhs_67', 4, 4, 4, 4, 4, 4),
('mhs_68', 4, 4, 4, 4, 4, 4),
('mhs_69', 3, 3, 3, 3, 3, 3),
('mhs_70', 4, 5, 5, 4, 4, 5),
('mhs_71', 5, 5, 5, 5, 5, 5),
('mhs_72', 5, 5, 5, 5, 5, 5),
('mhs_73', 3, 3, 3, 3, 3, 3),
('mhs_74', 3, 3, 3, 3, 3, 3),
('mhs_75', 4, 4, 4, 4, 4, 3),
('mhs_76', 3, 3, 3, 3, 3, 3),
('mhs_77', 4, 4, 4, 4, 4, 5),
('mhs_78', 4, 4, 4, 4, 4, 4),
('mhs_79', 4, 4, 4, 4, 4, 4),
('mhs_80', 4, 3, 4, 3, 2, 3),
('mhs_81', 5, 5, 4, 5, 4, 5),
('mhs_82', 4, 3, 3, 4, 3, 4),
('mhs_83', 4, 4, 4, 4, 4, 4),
('mhs_84', 4, 4, 4, 4, 4, 4),
('mhs_85', 4, 4, 4, 3, 3, 3),
('mhs_86', 4, 4, 4, 4, 4, 4),
('mhs_87', 3, 4, 3, 4, 4, 4),
('mhs_88', 3, 3, 4, 4, 3, 4),
('mhs_89', 4, 4, 3, 4, 4, 3),
('mhs_90', 4, 4, 5, 4, 4, 5),
('mhs_91', 3, 4, 3, 2, 3, 2),
('mhs_92', 3, 3, 4, 4, 4, 3),
('mhs_93', 4, 5, 5, 4, 4, 4),
('mhs_94', 4, 3, 4, 3, 4, 4),
('mhs_95', 4, 4, 5, 4, 4, 5),
('staff_it', 4, 4, 5, 3, 5, 4),
('stf_ak1', 4, 4, 3, 2, 3, 3),
('stf_ak2', 4, 5, 3, 3, 3, 3),
('stf_ak3', 3, 4, 4, 4, 4, 3),
('stf_ak4', 5, 4, 3, 3, 3, 4);

-- --------------------------------------------------------

--
-- Struktur dari tabel `ds5ac`
--

CREATE TABLE `ds5ac` (
  `kd_user` varchar(10) NOT NULL,
  `ds51ac` int(5) NOT NULL,
  `ds52ac` int(5) NOT NULL,
  `ds53ac` int(5) NOT NULL,
  `ds54ac` int(5) NOT NULL,
  `ds55ac` int(5) NOT NULL,
  `ds56ac` int(5) NOT NULL,
  `ds57ac` int(5) NOT NULL,
  `ds58ac` int(5) NOT NULL,
  `ds59ac` int(5) NOT NULL,
  `ds510ac` int(5) NOT NULL,
  `ds511ac` int(5) NOT NULL
) ENGINE=InnoDB DEFAULT CHARSET=latin1;

--
-- Dumping data untuk tabel `ds5ac`
--

INSERT INTO `ds5ac` (`kd_user`, `ds51ac`, `ds52ac`, `ds53ac`, `ds54ac`, `ds55ac`, `ds56ac`, `ds57ac`, `ds58ac`, `ds59ac`, `ds510ac`, `ds511ac`) VALUES
('kp_ak', 4, 3, 4, 3, 3, 3, 3, 3, 3, 3, 3),
('kp_it', 4, 3, 4, 3, 4, 3, 3, 4, 4, 4, 4),
('mhs_01', 2, 2, 4, 5, 2, 3, 2, 1, 1, 3, 2),
('mhs_02', 4, 4, 4, 4, 4, 4, 4, 5, 5, 5, 4),
('mhs_03', 5, 5, 5, 5, 5, 5, 5, 5, 5, 5, 5),
('mhs_04', 4, 4, 3, 4, 5, 5, 5, 4, 4, 5, 5),
('mhs_05', 4, 4, 4, 5, 4, 4, 5, 5, 5, 5, 5),
('mhs_06', 4, 4, 4, 4, 4, 4, 4, 4, 4, 4, 4),
('mhs_07', 4, 4, 4, 4, 4, 4, 4, 4, 4, 4, 4),
('mhs_08', 4, 5, 4, 5, 5, 5, 5, 5, 5, 5, 5),
('mhs_09', 4, 4, 4, 4, 4, 4, 4, 4, 4, 4, 4),
('mhs_10', 3, 3, 3, 3, 2, 2, 3, 3, 3, 3, 4),
('mhs_11', 5, 4, 5, 4, 5, 5, 5, 2, 3, 5, 4),
('mhs_12', 3, 3, 3, 2, 3, 3, 3, 2, 1, 2, 2),
('mhs_13', 3, 3, 3, 2, 3, 3, 3, 2, 1, 2, 2),
('mhs_14', 4, 5, 4, 4, 5, 5, 5, 5, 5, 5, 5),
('mhs_15', 5, 4, 5, 4, 4, 5, 4, 5, 4, 5, 4),
('mhs_16', 4, 5, 5, 5, 4, 5, 5, 5, 4, 4, 5),
('mhs_17', 4, 4, 4, 5, 4, 4, 5, 5, 5, 5, 5),
('mhs_18', 4, 5, 5, 4, 5, 5, 4, 3, 3, 4, 3),
('mhs_19', 3, 4, 3, 4, 3, 4, 3, 3, 4, 3, 4),
('mhs_20', 4, 5, 4, 5, 4, 5, 4, 1, 2, 4, 5),
('mhs_21', 5, 4, 4, 5, 5, 4, 5, 5, 5, 5, 5),
('mhs_22', 3, 3, 3, 3, 3, 3, 3, 3, 3, 3, 3),
('mhs_23', 5, 4, 4, 5, 4, 5, 5, 4, 4, 4, 5),
('mhs_24', 3, 4, 4, 3, 4, 4, 4, 3, 4, 4, 4),
('mhs_25', 2, 2, 3, 4, 4, 3, 4, 1, 1, 2, 3),
('mhs_26', 3, 3, 2, 3, 4, 3, 5, 3, 4, 4, 5),
('mhs_27', 4, 4, 5, 4, 5, 5, 5, 5, 5, 4, 4),
('mhs_28', 4, 4, 5, 4, 3, 4, 4, 5, 5, 4, 5),
('mhs_29', 4, 4, 3, 3, 3, 3, 3, 4, 3, 4, 4),
('mhs_30', 4, 5, 5, 4, 4, 4, 4, 5, 4, 4, 4),
('mhs_31', 5, 5, 5, 5, 4, 5, 5, 5, 5, 5, 5),
('mhs_32', 3, 3, 3, 3, 3, 3, 3, 3, 3, 3, 3),
('mhs_33', 3, 3, 3, 5, 4, 4, 4, 5, 5, 5, 5),
('mhs_34', 2, 2, 2, 2, 2, 2, 2, 2, 2, 2, 2),
('mhs_35', 4, 3, 3, 3, 3, 3, 3, 3, 3, 3, 3),
('mhs_36', 4, 4, 3, 4, 3, 3, 4, 4, 4, 3, 4),
('mhs_37', 5, 5, 5, 5, 4, 5, 5, 5, 5, 5, 5),
('mhs_38', 5, 5, 5, 5, 5, 5, 5, 5, 5, 5, 5),
('mhs_39', 3, 4, 4, 5, 5, 5, 5, 4, 4, 4, 4),
('mhs_40', 3, 4, 3, 3, 4, 4, 4, 3, 3, 3, 3),
('mhs_41', 3, 4, 3, 3, 4, 3, 4, 3, 3, 3, 3),
('mhs_42', 3, 5, 4, 4, 4, 3, 3, 5, 3, 3, 3),
('mhs_43', 4, 3, 3, 4, 3, 3, 3, 5, 5, 4, 5),
('mhs_44', 4, 4, 4, 4, 4, 4, 4, 4, 4, 4, 4),
('mhs_45', 4, 4, 3, 3, 3, 3, 3, 4, 3, 4, 4),
('mhs_46', 5, 5, 5, 5, 5, 5, 5, 5, 5, 5, 5),
('mhs_47', 4, 5, 4, 5, 5, 5, 5, 4, 5, 5, 5),
('mhs_48', 5, 4, 5, 3, 4, 4, 5, 5, 4, 4, 5),
('mhs_49', 5, 3, 5, 5, 4, 5, 5, 5, 4, 2, 5),
('mhs_50', 4, 4, 5, 4, 4, 3, 4, 5, 5, 4, 5),
('mhs_51', 4, 4, 4, 4, 4, 4, 4, 5, 5, 5, 5),
('mhs_52', 4, 4, 3, 4, 5, 3, 4, 5, 5, 4, 5),
('mhs_53', 4, 4, 3, 5, 3, 5, 5, 5, 3, 4, 5),
('mhs_54', 3, 3, 4, 4, 4, 4, 4, 4, 4, 4, 3),
('mhs_55', 4, 3, 3, 3, 4, 4, 4, 4, 3, 4, 3),
('mhs_56', 5, 5, 5, 5, 5, 5, 4, 5, 5, 5, 5),
('mhs_57', 5, 5, 5, 4, 4, 4, 5, 5, 5, 4, 4),
('mhs_58', 4, 4, 3, 4, 4, 5, 5, 3, 3, 4, 4),
('mhs_59', 4, 5, 5, 4, 5, 5, 4, 4, 5, 4, 5),
('mhs_60', 4, 4, 5, 3, 4, 4, 4, 4, 4, 3, 3),
('mhs_61', 4, 4, 4, 3, 3, 4, 4, 3, 4, 3, 4),
('mhs_62', 4, 4, 4, 3, 3, 4, 4, 3, 4, 3, 4),
('mhs_63', 3, 3, 4, 5, 3, 3, 5, 3, 4, 5, 4),
('mhs_64', 3, 3, 4, 4, 3, 3, 4, 5, 5, 4, 4),
('mhs_65', 3, 3, 4, 5, 2, 4, 3, 4, 4, 5, 3),
('mhs_66', 4, 4, 4, 4, 5, 4, 5, 5, 5, 5, 5),
('mhs_67', 4, 4, 5, 4, 5, 4, 5, 5, 5, 5, 5),
('mhs_68', 5, 5, 5, 4, 4, 5, 5, 5, 5, 5, 5),
('mhs_69', 3, 3, 3, 3, 3, 3, 3, 3, 3, 3, 3),
('mhs_70', 4, 5, 5, 4, 4, 5, 5, 4, 4, 4, 4),
('mhs_71', 5, 5, 5, 5, 5, 5, 5, 5, 5, 5, 5),
('mhs_72', 4, 4, 4, 4, 4, 4, 5, 4, 4, 4, 4),
('mhs_73', 3, 3, 3, 3, 3, 3, 3, 3, 4, 3, 4),
('mhs_74', 4, 4, 4, 4, 4, 4, 4, 4, 4, 4, 4),
('mhs_75', 4, 4, 4, 4, 4, 4, 4, 4, 4, 4, 4),
('mhs_76', 3, 3, 3, 3, 3, 3, 3, 4, 4, 4, 4),
('mhs_77', 5, 4, 5, 5, 4, 5, 4, 5, 4, 5, 4),
('mhs_78', 4, 5, 5, 5, 4, 5, 4, 3, 3, 3, 3),
('mhs_79', 4, 5, 5, 5, 4, 4, 4, 4, 4, 4, 4),
('mhs_80', 4, 4, 4, 4, 4, 4, 4, 4, 4, 4, 4),
('mhs_81', 5, 4, 5, 4, 5, 4, 5, 4, 5, 5, 5),
('mhs_82', 4, 4, 3, 5, 3, 5, 5, 4, 4, 3, 5),
('mhs_83', 5, 5, 4, 5, 5, 5, 4, 3, 3, 2, 3),
('mhs_84', 4, 5, 4, 4, 5, 5, 5, 5, 5, 5, 5),
('mhs_85', 4, 4, 3, 3, 3, 3, 3, 5, 3, 3, 4),
('mhs_86', 3, 4, 4, 4, 4, 4, 4, 5, 4, 3, 4),
('mhs_87', 3, 3, 3, 3, 4, 3, 4, 5, 5, 5, 5),
('mhs_88', 4, 4, 2, 3, 2, 3, 4, 5, 3, 4, 4),
('mhs_89', 3, 3, 3, 4, 3, 4, 3, 4, 4, 4, 4),
('mhs_90', 4, 3, 4, 5, 4, 3, 4, 2, 3, 4, 3),
('mhs_91', 2, 3, 2, 3, 2, 3, 2, 2, 2, 3, 2),
('mhs_92', 4, 4, 5, 5, 5, 5, 5, 4, 4, 5, 5),
('mhs_93', 4, 5, 5, 4, 5, 5, 4, 4, 5, 5, 5),
('mhs_94', 4, 4, 4, 4, 4, 4, 4, 4, 4, 4, 4),
('mhs_95', 3, 4, 4, 3, 4, 5, 4, 4, 3, 5, 3),
('staff_it', 4, 4, 3, 4, 4, 5, 3, 5, 3, 5, 4),
('stf_ak1', 3, 4, 3, 3, 4, 4, 5, 3, 5, 5, 4),
('stf_ak2', 1, 2, 3, 4, 2, 3, 3, 3, 1, 2, 3),
('stf_ak3', 3, 3, 4, 3, 4, 4, 3, 3, 3, 3, 3),
('stf_ak4', 3, 3, 3, 4, 4, 4, 4, 4, 4, 4, 4);

-- --------------------------------------------------------

--
-- Struktur dari tabel `ds5gsm`
--

CREATE TABLE `ds5gsm` (
  `kd_user` varchar(10) NOT NULL,
  `ds51gsm` int(5) NOT NULL,
  `ds52gsm` int(5) NOT NULL,
  `ds53gsm` int(5) NOT NULL,
  `ds54gsm` int(5) NOT NULL,
  `ds55gsm` int(5) NOT NULL,
  `ds56gsm` int(5) NOT NULL,
  `ds57gsm` int(5) NOT NULL,
  `ds58gsm` int(5) NOT NULL,
  `ds59gsm` int(5) NOT NULL,
  `ds510gsm` int(5) NOT NULL,
  `ds511gsm` int(5) NOT NULL
) ENGINE=InnoDB DEFAULT CHARSET=latin1;

--
-- Dumping data untuk tabel `ds5gsm`
--

INSERT INTO `ds5gsm` (`kd_user`, `ds51gsm`, `ds52gsm`, `ds53gsm`, `ds54gsm`, `ds55gsm`, `ds56gsm`, `ds57gsm`, `ds58gsm`, `ds59gsm`, `ds510gsm`, `ds511gsm`) VALUES
('kp_ak', 3, 3, 3, 3, 3, 3, 3, 3, 3, 3, 3),
('kp_it', 4, 3, 4, 3, 3, 4, 3, 4, 3, 2, 4),
('mhs_01', 4, 3, 3, 3, 3, 4, 4, 3, 3, 2, 3),
('mhs_02', 5, 5, 5, 5, 5, 4, 4, 5, 5, 5, 5),
('mhs_03', 5, 5, 5, 5, 5, 5, 5, 5, 5, 5, 5),
('mhs_04', 5, 5, 5, 4, 4, 5, 4, 4, 5, 5, 5),
('mhs_05', 4, 4, 5, 5, 5, 4, 5, 5, 5, 5, 5),
('mhs_06', 5, 5, 5, 5, 5, 5, 5, 5, 5, 5, 5),
('mhs_07', 5, 5, 5, 5, 5, 5, 5, 5, 5, 5, 5),
('mhs_08', 3, 4, 5, 3, 4, 5, 5, 5, 3, 5, 3),
('mhs_09', 5, 5, 5, 5, 5, 5, 5, 5, 5, 5, 5),
('mhs_10', 1, 2, 2, 2, 3, 3, 3, 4, 4, 4, 3),
('mhs_11', 5, 5, 5, 5, 5, 5, 5, 5, 4, 4, 4),
('mhs_12', 4, 3, 3, 3, 4, 5, 3, 4, 3, 5, 4),
('mhs_13', 1, 2, 2, 2, 3, 2, 2, 2, 3, 2, 5),
('mhs_14', 5, 4, 4, 5, 4, 5, 5, 4, 5, 5, 5),
('mhs_15', 4, 4, 5, 4, 5, 5, 4, 4, 5, 4, 4),
('mhs_16', 4, 4, 4, 4, 5, 4, 4, 5, 5, 5, 4),
('mhs_17', 5, 5, 4, 5, 5, 5, 4, 5, 4, 4, 4),
('mhs_18', 4, 5, 4, 5, 4, 5, 4, 5, 4, 4, 5),
('mhs_19', 3, 4, 3, 4, 3, 4, 4, 4, 4, 4, 4),
('mhs_20', 5, 5, 5, 4, 4, 4, 4, 4, 5, 4, 5),
('mhs_21', 3, 4, 4, 5, 5, 5, 5, 5, 5, 5, 5),
('mhs_22', 3, 3, 4, 3, 3, 4, 3, 4, 3, 3, 4),
('mhs_23', 5, 5, 4, 4, 4, 5, 4, 3, 4, 4, 5),
('mhs_24', 3, 3, 4, 4, 4, 4, 3, 3, 3, 4, 4),
('mhs_25', 3, 3, 2, 3, 3, 3, 4, 3, 3, 2, 3),
('mhs_26', 3, 4, 4, 3, 4, 3, 3, 4, 4, 4, 4),
('mhs_27', 5, 5, 4, 5, 5, 5, 5, 5, 4, 5, 5),
('mhs_28', 3, 4, 3, 5, 4, 5, 4, 4, 5, 4, 4),
('mhs_29', 3, 3, 3, 4, 4, 4, 4, 4, 4, 4, 4),
('mhs_30', 4, 4, 5, 4, 3, 4, 4, 3, 4, 3, 4),
('mhs_31', 5, 4, 5, 5, 4, 5, 4, 4, 4, 4, 4),
('mhs_32', 3, 3, 3, 3, 3, 3, 3, 3, 3, 3, 3),
('mhs_33', 4, 5, 4, 4, 4, 4, 4, 4, 4, 4, 4),
('mhs_34', 3, 3, 3, 3, 3, 3, 3, 3, 3, 3, 3),
('mhs_35', 3, 3, 3, 3, 3, 3, 2, 3, 2, 2, 3),
('mhs_36', 4, 4, 3, 3, 4, 4, 4, 3, 4, 4, 4),
('mhs_37', 5, 4, 5, 5, 4, 4, 5, 5, 5, 5, 5),
('mhs_38', 4, 5, 5, 5, 5, 5, 5, 5, 5, 5, 5),
('mhs_39', 5, 5, 4, 5, 5, 5, 4, 4, 4, 4, 4),
('mhs_40', 3, 4, 4, 3, 3, 4, 3, 4, 3, 4, 4),
('mhs_41', 3, 3, 4, 3, 4, 3, 4, 4, 5, 4, 5),
('mhs_42', 5, 4, 4, 5, 4, 4, 3, 3, 3, 4, 4),
('mhs_43', 3, 3, 3, 3, 3, 3, 3, 3, 3, 3, 3),
('mhs_44', 4, 4, 4, 4, 5, 4, 4, 4, 5, 4, 4),
('mhs_45', 3, 3, 3, 4, 4, 4, 4, 4, 4, 4, 4),
('mhs_46', 5, 5, 5, 5, 5, 5, 5, 5, 5, 5, 5),
('mhs_47', 4, 5, 5, 4, 5, 4, 4, 5, 4, 5, 5),
('mhs_48', 4, 5, 3, 4, 4, 5, 4, 5, 4, 3, 4),
('mhs_49', 1, 1, 2, 4, 1, 4, 3, 5, 4, 4, 5),
('mhs_50', 4, 4, 4, 5, 5, 5, 5, 5, 5, 5, 5),
('mhs_51', 3, 4, 3, 4, 3, 4, 4, 5, 4, 4, 4),
('mhs_52', 3, 3, 4, 3, 4, 4, 4, 5, 3, 4, 4),
('mhs_53', 4, 4, 4, 4, 4, 4, 4, 4, 4, 4, 4),
('mhs_54', 4, 4, 4, 3, 4, 4, 4, 4, 4, 4, 4),
('mhs_55', 4, 4, 3, 4, 4, 3, 4, 3, 3, 4, 3),
('mhs_56', 4, 4, 5, 4, 5, 4, 5, 5, 5, 4, 4),
('mhs_57', 5, 5, 4, 4, 4, 5, 5, 5, 4, 4, 5),
('mhs_58', 4, 3, 5, 5, 4, 4, 4, 4, 4, 3, 4),
('mhs_59', 5, 4, 5, 5, 5, 5, 5, 5, 4, 4, 4),
('mhs_60', 3, 3, 3, 4, 5, 4, 3, 3, 4, 4, 4),
('mhs_61', 3, 4, 4, 3, 4, 4, 4, 4, 4, 4, 4),
('mhs_62', 3, 4, 4, 3, 4, 4, 4, 4, 4, 4, 4),
('mhs_63', 4, 5, 4, 5, 3, 5, 5, 4, 5, 4, 4),
('mhs_64', 4, 4, 4, 4, 4, 4, 5, 5, 4, 4, 4),
('mhs_65', 2, 3, 2, 3, 4, 2, 4, 5, 3, 4, 5),
('mhs_66', 4, 4, 3, 5, 3, 3, 4, 5, 5, 5, 5),
('mhs_67', 5, 4, 5, 5, 4, 4, 5, 5, 5, 5, 5),
('mhs_68', 5, 5, 5, 5, 4, 4, 4, 4, 4, 3, 4),
('mhs_69', 2, 2, 2, 2, 2, 2, 2, 2, 2, 2, 2),
('mhs_70', 4, 4, 4, 5, 5, 4, 4, 4, 4, 4, 4),
('mhs_71', 5, 5, 5, 5, 5, 5, 5, 5, 5, 5, 5),
('mhs_72', 5, 5, 5, 5, 5, 5, 4, 4, 4, 5, 4),
('mhs_73', 4, 3, 3, 3, 3, 3, 3, 3, 3, 4, 3),
('mhs_74', 3, 4, 3, 4, 4, 3, 3, 4, 4, 4, 4),
('mhs_75', 4, 4, 4, 4, 4, 4, 4, 4, 4, 4, 4),
('mhs_76', 5, 4, 5, 5, 5, 5, 4, 5, 4, 5, 4),
('mhs_77', 5, 4, 4, 4, 4, 4, 5, 4, 5, 4, 4),
('mhs_78', 4, 5, 4, 4, 5, 4, 5, 4, 4, 4, 4),
('mhs_79', 4, 4, 4, 5, 5, 4, 4, 4, 5, 4, 5),
('mhs_80', 4, 5, 4, 4, 4, 5, 4, 4, 5, 5, 5),
('mhs_81', 5, 4, 5, 5, 5, 5, 5, 5, 4, 5, 4),
('mhs_82', 3, 3, 3, 4, 4, 4, 4, 4, 4, 3, 4),
('mhs_83', 3, 4, 5, 2, 3, 4, 3, 4, 4, 4, 4),
('mhs_84', 5, 4, 4, 5, 5, 5, 5, 5, 5, 4, 5),
('mhs_85', 4, 4, 3, 4, 4, 4, 4, 4, 4, 3, 4),
('mhs_86', 4, 4, 4, 4, 3, 4, 4, 4, 4, 4, 5),
('mhs_87', 3, 3, 3, 3, 4, 4, 4, 5, 4, 5, 4),
('mhs_88', 4, 5, 4, 4, 3, 5, 4, 3, 4, 4, 5),
('mhs_89', 3, 3, 3, 3, 3, 3, 3, 3, 3, 3, 3),
('mhs_90', 4, 5, 4, 3, 5, 4, 4, 4, 5, 4, 5),
('mhs_91', 4, 4, 4, 4, 4, 4, 4, 4, 4, 4, 4),
('mhs_92', 4, 4, 4, 4, 4, 2, 3, 3, 3, 2, 2),
('mhs_93', 4, 4, 4, 3, 2, 2, 3, 4, 5, 4, 5),
('mhs_94', 3, 4, 3, 4, 3, 4, 3, 4, 3, 4, 4),
('mhs_95', 4, 4, 4, 4, 4, 4, 3, 4, 4, 3, 4),
('staff_it', 4, 2, 3, 2, 3, 4, 3, 4, 3, 3, 4),
('stf_ak1', 3, 2, 4, 4, 2, 3, 5, 3, 5, 5, 5),
('stf_ak2', 3, 3, 3, 3, 2, 2, 2, 3, 3, 3, 3),
('stf_ak3', 3, 3, 3, 3, 3, 3, 3, 3, 3, 3, 3),
('stf_ak4', 4, 3, 4, 4, 4, 3, 4, 4, 3, 4, 4);

-- --------------------------------------------------------

--
-- Struktur dari tabel `ds5psp`
--

CREATE TABLE `ds5psp` (
  `kd_user` varchar(10) NOT NULL,
  `ds51psp` int(5) NOT NULL,
  `ds52psp` int(5) NOT NULL,
  `ds53psp` int(5) NOT NULL,
  `ds54psp` int(5) NOT NULL,
  `ds55psp` int(5) NOT NULL,
  `ds56psp` int(5) NOT NULL,
  `ds57psp` int(5) NOT NULL,
  `ds58psp` int(5) NOT NULL,
  `ds59psp` int(5) NOT NULL,
  `ds510psp` int(5) NOT NULL,
  `ds511psp` int(5) NOT NULL
) ENGINE=InnoDB DEFAULT CHARSET=latin1;

--
-- Dumping data untuk tabel `ds5psp`
--

INSERT INTO `ds5psp` (`kd_user`, `ds51psp`, `ds52psp`, `ds53psp`, `ds54psp`, `ds55psp`, `ds56psp`, `ds57psp`, `ds58psp`, `ds59psp`, `ds510psp`, `ds511psp`) VALUES
('kp_ak', 3, 3, 3, 3, 3, 3, 3, 3, 3, 3, 3),
('kp_it', 3, 3, 4, 4, 3, 4, 4, 3, 4, 4, 3),
('mhs_01', 3, 4, 2, 3, 3, 3, 3, 2, 2, 2, 2),
('mhs_02', 5, 5, 5, 4, 5, 5, 5, 5, 4, 5, 5),
('mhs_03', 5, 5, 5, 5, 5, 5, 5, 5, 5, 5, 5),
('mhs_04', 5, 4, 4, 5, 5, 5, 5, 5, 5, 5, 5),
('mhs_05', 5, 5, 5, 5, 4, 5, 5, 5, 4, 4, 5),
('mhs_06', 5, 5, 5, 5, 5, 5, 5, 5, 5, 5, 5),
('mhs_07', 5, 5, 5, 5, 5, 5, 5, 5, 5, 5, 5),
('mhs_08', 5, 5, 4, 5, 4, 5, 4, 5, 5, 5, 5),
('mhs_09', 3, 3, 3, 3, 3, 3, 3, 3, 3, 3, 3),
('mhs_10', 4, 4, 4, 4, 5, 4, 5, 4, 5, 4, 4),
('mhs_11', 5, 5, 5, 5, 5, 5, 5, 5, 5, 5, 5),
('mhs_12', 4, 4, 4, 3, 4, 5, 3, 4, 3, 3, 4),
('mhs_13', 3, 3, 4, 3, 3, 4, 5, 5, 3, 3, 3),
('mhs_14', 5, 4, 4, 4, 5, 4, 4, 5, 5, 4, 5),
('mhs_15', 5, 4, 4, 4, 5, 4, 4, 4, 5, 4, 5),
('mhs_16', 5, 5, 5, 5, 5, 5, 5, 5, 4, 5, 4),
('mhs_17', 4, 5, 4, 4, 5, 5, 4, 4, 3, 4, 3),
('mhs_18', 5, 4, 3, 5, 5, 4, 4, 5, 2, 3, 4),
('mhs_19', 3, 4, 3, 4, 3, 4, 3, 4, 3, 4, 3),
('mhs_20', 4, 5, 4, 5, 4, 5, 4, 5, 4, 5, 4),
('mhs_21', 4, 4, 5, 5, 5, 5, 5, 5, 5, 5, 5),
('mhs_22', 4, 4, 4, 4, 4, 4, 4, 4, 4, 4, 4),
('mhs_23', 4, 5, 4, 5, 5, 4, 4, 4, 4, 5, 4),
('mhs_24', 3, 4, 4, 3, 4, 4, 4, 3, 3, 4, 4),
('mhs_25', 3, 4, 3, 4, 4, 4, 4, 3, 2, 3, 2),
('mhs_26', 3, 5, 3, 2, 4, 3, 5, 3, 3, 3, 4),
('mhs_27', 4, 3, 3, 4, 4, 5, 5, 5, 5, 4, 3),
('mhs_28', 4, 4, 3, 4, 5, 4, 4, 4, 4, 4, 4),
('mhs_29', 3, 3, 4, 4, 4, 3, 4, 4, 4, 4, 4),
('mhs_30', 4, 3, 5, 4, 4, 4, 3, 5, 4, 4, 3),
('mhs_31', 4, 4, 4, 5, 5, 5, 5, 4, 4, 5, 5),
('mhs_32', 3, 3, 3, 3, 3, 3, 3, 3, 3, 3, 3),
('mhs_33', 4, 5, 4, 5, 5, 5, 5, 5, 3, 3, 3),
('mhs_34', 3, 3, 3, 3, 3, 3, 3, 3, 3, 3, 3),
('mhs_35', 3, 3, 3, 3, 3, 3, 3, 3, 3, 3, 3),
('mhs_36', 4, 4, 3, 3, 4, 4, 4, 4, 3, 4, 4),
('mhs_37', 5, 5, 4, 5, 5, 5, 5, 5, 4, 5, 5),
('mhs_38', 5, 5, 5, 5, 4, 5, 4, 5, 4, 5, 5),
('mhs_39', 4, 4, 5, 4, 4, 5, 4, 4, 5, 4, 4),
('mhs_40', 3, 3, 3, 4, 4, 3, 4, 4, 3, 4, 3),
('mhs_41', 3, 3, 4, 4, 3, 4, 4, 3, 3, 3, 3),
('mhs_42', 4, 3, 3, 3, 4, 3, 3, 5, 4, 4, 5),
('mhs_43', 3, 3, 3, 3, 3, 3, 3, 3, 3, 3, 3),
('mhs_44', 4, 4, 3, 4, 4, 4, 4, 4, 5, 5, 5),
('mhs_45', 3, 3, 4, 4, 4, 3, 3, 4, 4, 4, 4),
('mhs_46', 5, 5, 5, 5, 5, 5, 5, 5, 5, 5, 5),
('mhs_47', 4, 5, 5, 5, 5, 5, 5, 5, 4, 5, 5),
('mhs_48', 3, 4, 4, 5, 4, 3, 4, 5, 4, 4, 5),
('mhs_49', 4, 4, 5, 5, 5, 5, 4, 5, 5, 4, 5),
('mhs_50', 4, 4, 3, 4, 5, 5, 5, 5, 4, 4, 5),
('mhs_51', 5, 5, 5, 5, 5, 5, 5, 5, 4, 4, 4),
('mhs_52', 3, 4, 3, 4, 4, 4, 4, 3, 4, 5, 4),
('mhs_53', 4, 4, 4, 5, 4, 4, 5, 4, 4, 4, 4),
('mhs_54', 3, 3, 3, 4, 4, 4, 4, 4, 3, 3, 3),
('mhs_55', 4, 3, 3, 4, 3, 4, 3, 3, 4, 3, 4),
('mhs_56', 5, 5, 5, 4, 5, 5, 5, 5, 5, 4, 4),
('mhs_57', 5, 5, 4, 4, 5, 5, 4, 4, 5, 5, 4),
('mhs_58', 4, 5, 5, 4, 4, 3, 4, 3, 3, 4, 4),
('mhs_59', 4, 4, 5, 4, 5, 5, 4, 4, 4, 4, 4),
('mhs_60', 4, 3, 2, 3, 3, 2, 4, 4, 4, 3, 3),
('mhs_61', 4, 4, 4, 5, 4, 5, 4, 5, 4, 5, 4),
('mhs_62', 4, 4, 4, 5, 4, 5, 4, 5, 4, 5, 4),
('mhs_63', 4, 5, 3, 4, 5, 4, 3, 4, 4, 5, 5),
('mhs_64', 4, 3, 5, 3, 4, 4, 3, 4, 3, 4, 5),
('mhs_65', 2, 3, 5, 4, 3, 4, 5, 4, 3, 3, 5),
('mhs_66', 5, 5, 5, 5, 5, 5, 5, 4, 4, 4, 5),
('mhs_67', 5, 5, 5, 5, 5, 5, 5, 5, 5, 5, 5),
('mhs_68', 4, 4, 5, 4, 4, 5, 5, 5, 5, 5, 5),
('mhs_69', 3, 3, 3, 3, 3, 3, 3, 3, 3, 3, 3),
('mhs_70', 5, 5, 4, 5, 5, 4, 4, 4, 4, 4, 4),
('mhs_71', 5, 5, 5, 5, 5, 5, 5, 5, 5, 5, 5),
('mhs_72', 5, 5, 5, 5, 5, 5, 5, 5, 4, 4, 4),
('mhs_73', 3, 3, 3, 3, 3, 3, 3, 3, 4, 4, 4),
('mhs_74', 4, 4, 4, 4, 4, 4, 4, 4, 4, 4, 4),
('mhs_75', 4, 4, 4, 4, 4, 4, 4, 4, 4, 4, 4),
('mhs_76', 3, 3, 4, 4, 4, 5, 4, 5, 4, 4, 2),
('mhs_77', 5, 4, 4, 5, 4, 5, 5, 4, 5, 5, 5),
('mhs_78', 4, 4, 4, 4, 4, 4, 4, 4, 4, 4, 4),
('mhs_79', 4, 4, 4, 4, 4, 4, 4, 4, 4, 4, 4),
('mhs_80', 4, 4, 5, 3, 4, 5, 4, 4, 4, 4, 5),
('mhs_81', 4, 5, 4, 5, 4, 5, 5, 5, 5, 5, 5),
('mhs_82', 4, 3, 5, 3, 4, 4, 3, 4, 3, 3, 4),
('mhs_83', 3, 3, 4, 4, 4, 3, 5, 3, 2, 3, 4),
('mhs_84', 4, 5, 5, 4, 5, 5, 4, 5, 5, 4, 4),
('mhs_85', 4, 5, 4, 5, 4, 4, 4, 4, 4, 4, 4),
('mhs_86', 4, 4, 3, 4, 4, 3, 4, 4, 3, 4, 5),
('mhs_87', 3, 4, 4, 4, 4, 3, 4, 5, 4, 4, 4),
('mhs_88', 4, 3, 5, 4, 3, 4, 4, 4, 4, 4, 5),
('mhs_89', 3, 3, 3, 3, 3, 3, 3, 3, 3, 3, 3),
('mhs_90', 4, 3, 4, 5, 4, 3, 4, 5, 4, 4, 3),
('mhs_91', 2, 2, 2, 3, 2, 2, 3, 2, 2, 2, 2),
('mhs_92', 5, 4, 4, 5, 4, 4, 5, 4, 5, 5, 5),
('mhs_93', 5, 4, 4, 5, 4, 5, 5, 5, 5, 4, 5),
('mhs_94', 4, 4, 4, 5, 4, 4, 4, 4, 4, 4, 4),
('mhs_95', 5, 5, 4, 4, 5, 4, 5, 4, 4, 5, 4),
('staff_it', 4, 5, 5, 4, 5, 4, 4, 5, 4, 5, 4),
('stf_ak1', 3, 4, 4, 5, 3, 3, 2, 2, 2, 3, 3),
('stf_ak2', 2, 3, 2, 2, 2, 2, 2, 2, 2, 2, 2),
('stf_ak3', 2, 2, 2, 3, 2, 2, 2, 2, 2, 2, 2),
('stf_ak4', 4, 3, 4, 4, 3, 4, 4, 5, 4, 4, 4);

-- --------------------------------------------------------

--
-- Struktur dari tabel `ds5ra`
--

CREATE TABLE `ds5ra` (
  `kd_user` varchar(10) NOT NULL,
  `ds51ra` int(5) NOT NULL,
  `ds52ra` int(5) NOT NULL,
  `ds53ra` int(5) NOT NULL,
  `ds54ra` int(5) NOT NULL,
  `ds55ra` int(5) NOT NULL,
  `ds56ra` int(5) NOT NULL,
  `ds57ra` int(5) NOT NULL,
  `ds58ra` int(5) NOT NULL,
  `ds59ra` int(5) NOT NULL,
  `ds510ra` int(5) NOT NULL,
  `ds511ra` int(5) NOT NULL
) ENGINE=InnoDB DEFAULT CHARSET=latin1;

--
-- Dumping data untuk tabel `ds5ra`
--

INSERT INTO `ds5ra` (`kd_user`, `ds51ra`, `ds52ra`, `ds53ra`, `ds54ra`, `ds55ra`, `ds56ra`, `ds57ra`, `ds58ra`, `ds59ra`, `ds510ra`, `ds511ra`) VALUES
('kp_ak', 5, 5, 5, 5, 5, 5, 5, 5, 5, 5, 5),
('kp_it', 4, 3, 4, 3, 4, 3, 4, 4, 3, 5, 3),
('mhs_01', 4, 2, 2, 3, 4, 2, 2, 3, 2, 3, 2),
('mhs_02', 5, 5, 5, 5, 5, 5, 5, 4, 5, 5, 5),
('mhs_03', 5, 5, 5, 5, 5, 5, 5, 5, 5, 5, 5),
('mhs_04', 5, 4, 5, 5, 5, 5, 5, 5, 5, 5, 4),
('mhs_05', 5, 4, 5, 4, 5, 4, 4, 4, 5, 3, 5),
('mhs_06', 5, 5, 5, 5, 5, 5, 5, 5, 5, 5, 5),
('mhs_07', 5, 5, 5, 5, 5, 5, 5, 5, 5, 5, 5),
('mhs_08', 3, 4, 5, 3, 5, 5, 4, 5, 3, 3, 5),
('mhs_09', 5, 5, 5, 5, 5, 5, 5, 5, 5, 5, 5),
('mhs_10', 1, 2, 2, 2, 3, 3, 3, 4, 4, 4, 3),
('mhs_11', 4, 5, 4, 5, 4, 5, 5, 4, 4, 4, 4),
('mhs_12', 4, 4, 4, 3, 4, 3, 3, 4, 4, 4, 3),
('mhs_13', 3, 4, 4, 3, 4, 3, 3, 4, 4, 4, 3),
('mhs_14', 5, 5, 4, 4, 4, 5, 5, 5, 4, 5, 4),
('mhs_15', 4, 4, 5, 4, 5, 4, 4, 3, 4, 4, 4),
('mhs_16', 4, 4, 5, 4, 4, 4, 5, 4, 4, 4, 5),
('mhs_17', 4, 4, 5, 5, 4, 4, 4, 5, 5, 5, 5),
('mhs_18', 5, 5, 5, 4, 5, 5, 4, 5, 4, 5, 4),
('mhs_19', 3, 3, 4, 3, 4, 3, 4, 3, 4, 3, 4),
('mhs_20', 3, 5, 4, 5, 4, 4, 5, 4, 4, 5, 5),
('mhs_21', 5, 5, 4, 4, 5, 5, 5, 5, 5, 5, 5),
('mhs_22', 5, 5, 5, 5, 5, 5, 5, 5, 5, 5, 5),
('mhs_23', 4, 4, 5, 5, 5, 4, 4, 5, 4, 4, 4),
('mhs_24', 3, 3, 4, 4, 3, 4, 4, 3, 4, 3, 3),
('mhs_25', 3, 2, 3, 3, 3, 4, 3, 4, 3, 4, 3),
('mhs_26', 3, 3, 4, 4, 4, 5, 3, 4, 5, 4, 4),
('mhs_27', 5, 5, 5, 5, 4, 4, 5, 5, 4, 4, 5),
('mhs_28', 4, 4, 5, 5, 5, 4, 4, 5, 4, 3, 4),
('mhs_29', 3, 4, 4, 3, 3, 4, 4, 4, 4, 4, 3),
('mhs_30', 4, 2, 2, 3, 4, 3, 3, 4, 3, 3, 3),
('mhs_31', 5, 5, 5, 5, 5, 5, 5, 5, 5, 5, 5),
('mhs_32', 3, 3, 3, 3, 3, 3, 3, 3, 3, 3, 3),
('mhs_33', 5, 4, 4, 4, 5, 4, 4, 5, 5, 5, 5),
('mhs_34', 3, 3, 3, 3, 3, 3, 3, 3, 3, 3, 3),
('mhs_35', 3, 3, 3, 3, 3, 3, 3, 3, 3, 3, 3),
('mhs_36', 4, 4, 4, 3, 4, 4, 4, 4, 3, 4, 4),
('mhs_37', 4, 4, 4, 4, 4, 5, 4, 4, 4, 4, 4),
('mhs_38', 5, 5, 5, 5, 5, 5, 5, 5, 5, 5, 5),
('mhs_39', 4, 4, 5, 4, 4, 4, 4, 4, 4, 5, 5),
('mhs_40', 3, 3, 3, 4, 4, 4, 4, 3, 4, 4, 4),
('mhs_41', 3, 4, 4, 3, 4, 3, 3, 4, 3, 4, 5),
('mhs_42', 4, 4, 4, 4, 4, 3, 3, 3, 3, 4, 5),
('mhs_43', 3, 3, 4, 4, 3, 4, 3, 3, 4, 3, 3),
('mhs_44', 4, 4, 4, 4, 5, 5, 5, 4, 5, 5, 5),
('mhs_45', 3, 4, 4, 3, 3, 4, 4, 4, 4, 4, 3),
('mhs_46', 5, 5, 5, 5, 5, 5, 5, 5, 5, 5, 5),
('mhs_47', 4, 5, 5, 5, 5, 5, 5, 5, 5, 5, 5),
('mhs_48', 4, 4, 3, 4, 4, 3, 4, 5, 5, 4, 4),
('mhs_49', 5, 5, 4, 5, 4, 5, 5, 5, 4, 4, 5),
('mhs_50', 5, 4, 5, 5, 4, 5, 5, 4, 5, 5, 5),
('mhs_51', 4, 4, 4, 4, 4, 4, 4, 4, 4, 4, 4),
('mhs_52', 4, 4, 5, 4, 3, 4, 4, 3, 3, 5, 4),
('mhs_53', 4, 4, 3, 4, 4, 4, 4, 5, 4, 4, 4),
('mhs_54', 4, 4, 4, 4, 3, 3, 3, 3, 3, 4, 4),
('mhs_55', 4, 3, 4, 4, 3, 3, 3, 3, 3, 4, 4),
('mhs_56', 4, 4, 5, 4, 5, 4, 4, 4, 5, 4, 4),
('mhs_57', 5, 5, 4, 4, 5, 5, 5, 5, 4, 4, 4),
('mhs_58', 4, 4, 4, 3, 5, 4, 4, 3, 5, 4, 3),
('mhs_59', 5, 4, 4, 4, 4, 5, 5, 5, 4, 4, 4),
('mhs_60', 3, 4, 4, 3, 4, 4, 3, 3, 4, 4, 4),
('mhs_61', 4, 3, 4, 4, 3, 4, 3, 4, 3, 4, 3),
('mhs_62', 4, 3, 4, 4, 3, 4, 3, 4, 5, 4, 4),
('mhs_63', 4, 5, 5, 5, 5, 4, 4, 5, 4, 5, 4),
('mhs_64', 4, 3, 3, 4, 3, 3, 4, 3, 4, 3, 3),
('mhs_65', 2, 3, 2, 4, 5, 3, 4, 2, 5, 3, 4),
('mhs_66', 4, 4, 4, 4, 3, 3, 3, 5, 4, 4, 5),
('mhs_67', 4, 4, 4, 4, 5, 4, 5, 4, 5, 4, 5),
('mhs_68', 5, 5, 4, 4, 4, 4, 5, 5, 5, 5, 5),
('mhs_69', 3, 3, 3, 3, 3, 3, 3, 3, 3, 3, 3),
('mhs_70', 4, 4, 4, 4, 4, 5, 5, 4, 5, 5, 4),
('mhs_71', 5, 5, 5, 5, 5, 5, 5, 5, 5, 5, 5),
('mhs_72', 4, 5, 5, 5, 5, 5, 5, 5, 5, 4, 5),
('mhs_73', 4, 4, 4, 4, 5, 5, 4, 4, 4, 4, 4),
('mhs_74', 4, 4, 4, 4, 4, 4, 4, 4, 4, 4, 4),
('mhs_75', 4, 4, 4, 4, 4, 4, 4, 4, 4, 4, 4),
('mhs_76', 3, 5, 4, 5, 4, 5, 5, 4, 5, 5, 5),
('mhs_77', 5, 5, 5, 5, 4, 5, 4, 5, 5, 5, 5),
('mhs_78', 4, 4, 4, 4, 4, 5, 5, 4, 4, 4, 4),
('mhs_79', 4, 4, 5, 5, 4, 4, 5, 4, 4, 4, 5),
('mhs_80', 4, 4, 4, 5, 4, 5, 4, 4, 5, 4, 5),
('mhs_81', 5, 5, 3, 5, 5, 4, 5, 5, 4, 5, 5),
('mhs_82', 5, 5, 3, 3, 3, 3, 3, 4, 4, 3, 4),
('mhs_83', 3, 4, 3, 3, 4, 4, 5, 4, 3, 4, 5),
('mhs_84', 5, 5, 5, 4, 4, 5, 5, 4, 4, 4, 5),
('mhs_85', 3, 4, 4, 4, 5, 4, 5, 4, 5, 4, 5),
('mhs_86', 4, 4, 4, 3, 3, 4, 4, 4, 3, 4, 4),
('mhs_87', 5, 3, 3, 4, 4, 4, 4, 4, 4, 4, 4),
('mhs_88', 4, 5, 3, 3, 4, 5, 4, 4, 3, 3, 5),
('mhs_89', 3, 4, 4, 3, 3, 3, 4, 4, 4, 4, 4),
('mhs_90', 3, 3, 5, 3, 4, 3, 2, 5, 5, 4, 5),
('mhs_91', 1, 2, 2, 2, 2, 2, 2, 2, 2, 2, 2),
('mhs_92', 4, 5, 5, 4, 4, 4, 4, 5, 5, 5, 5),
('mhs_93', 5, 5, 4, 5, 4, 4, 5, 4, 4, 5, 4),
('mhs_94', 4, 4, 4, 4, 4, 4, 4, 4, 4, 4, 4),
('mhs_95', 4, 4, 4, 4, 4, 4, 4, 4, 4, 4, 4),
('staff_it', 1, 3, 4, 4, 2, 3, 4, 3, 2, 4, 3),
('stf_ak1', 4, 4, 4, 3, 4, 4, 5, 4, 5, 4, 3),
('stf_ak2', 2, 2, 3, 2, 3, 3, 2, 3, 2, 2, 2),
('stf_ak3', 5, 4, 4, 5, 5, 3, 4, 4, 5, 3, 2),
('stf_ak4', 4, 3, 4, 4, 3, 4, 4, 4, 4, 3, 3);

-- --------------------------------------------------------

--
-- Struktur dari tabel `ds5se`
--

CREATE TABLE `ds5se` (
  `kd_user` varchar(10) NOT NULL,
  `ds51se` int(5) NOT NULL,
  `ds52se` int(5) NOT NULL,
  `ds53se` int(5) NOT NULL,
  `ds54se` int(5) NOT NULL,
  `ds55se` int(5) NOT NULL,
  `ds56se` int(5) NOT NULL,
  `ds57se` int(5) NOT NULL,
  `ds58se` int(5) NOT NULL,
  `ds59se` int(5) NOT NULL,
  `ds510se` int(5) NOT NULL,
  `ds511se` int(5) NOT NULL
) ENGINE=InnoDB DEFAULT CHARSET=latin1;

--
-- Dumping data untuk tabel `ds5se`
--

INSERT INTO `ds5se` (`kd_user`, `ds51se`, `ds52se`, `ds53se`, `ds54se`, `ds55se`, `ds56se`, `ds57se`, `ds58se`, `ds59se`, `ds510se`, `ds511se`) VALUES
('kp_ak', 3, 3, 3, 4, 4, 4, 4, 4, 4, 4, 4),
('kp_it', 4, 5, 4, 5, 4, 4, 3, 4, 4, 5, 4),
('mhs_01', 2, 1, 2, 1, 2, 2, 2, 3, 2, 4, 2),
('mhs_02', 5, 4, 5, 5, 5, 5, 5, 4, 5, 5, 5),
('mhs_03', 5, 5, 5, 5, 5, 5, 5, 5, 5, 5, 5),
('mhs_04', 5, 5, 4, 5, 5, 4, 5, 4, 5, 5, 5),
('mhs_05', 3, 4, 4, 3, 4, 5, 5, 3, 4, 5, 5),
('mhs_06', 4, 4, 4, 4, 4, 4, 4, 4, 4, 4, 4),
('mhs_07', 4, 4, 4, 4, 4, 4, 4, 4, 4, 4, 4),
('mhs_08', 5, 2, 3, 5, 5, 4, 5, 4, 5, 4, 5),
('mhs_09', 5, 5, 5, 5, 5, 5, 5, 5, 5, 5, 5),
('mhs_10', 3, 3, 3, 4, 3, 4, 3, 4, 4, 4, 3),
('mhs_11', 3, 4, 3, 4, 3, 4, 4, 3, 3, 4, 4),
('mhs_12', 3, 3, 3, 3, 4, 4, 3, 3, 4, 3, 4),
('mhs_13', 3, 3, 3, 3, 4, 4, 3, 3, 4, 3, 4),
('mhs_14', 5, 4, 4, 4, 4, 5, 4, 5, 5, 5, 5),
('mhs_15', 4, 5, 4, 4, 4, 5, 4, 4, 5, 4, 4),
('mhs_16', 4, 4, 4, 5, 4, 5, 5, 5, 5, 4, 5),
('mhs_17', 5, 5, 5, 5, 4, 4, 5, 5, 5, 5, 5),
('mhs_18', 4, 4, 4, 4, 3, 4, 4, 4, 3, 4, 4),
('mhs_19', 3, 4, 3, 4, 3, 4, 3, 4, 4, 4, 4),
('mhs_20', 5, 4, 5, 4, 4, 5, 4, 5, 4, 5, 4),
('mhs_21', 4, 4, 4, 4, 5, 4, 4, 5, 5, 5, 5),
('mhs_22', 4, 4, 4, 4, 4, 4, 4, 4, 4, 4, 4),
('mhs_23', 4, 4, 4, 5, 5, 5, 5, 4, 4, 4, 4),
('mhs_24', 3, 4, 4, 3, 4, 4, 3, 4, 3, 4, 3),
('mhs_25', 2, 1, 2, 3, 2, 3, 3, 3, 3, 2, 3),
('mhs_26', 3, 4, 4, 3, 5, 4, 5, 3, 5, 5, 5),
('mhs_27', 5, 5, 5, 4, 5, 4, 5, 4, 5, 5, 5),
('mhs_28', 3, 4, 3, 4, 5, 4, 4, 5, 4, 5, 4),
('mhs_29', 3, 3, 3, 3, 4, 3, 4, 3, 3, 3, 3),
('mhs_30', 4, 4, 3, 3, 4, 3, 3, 5, 3, 4, 3),
('mhs_31', 5, 5, 5, 5, 5, 4, 5, 5, 5, 5, 4),
('mhs_32', 3, 3, 3, 3, 3, 3, 3, 3, 3, 3, 3),
('mhs_33', 4, 5, 4, 5, 4, 3, 4, 5, 4, 5, 5),
('mhs_34', 3, 3, 3, 3, 3, 3, 3, 3, 3, 3, 3),
('mhs_35', 2, 2, 2, 2, 2, 2, 2, 2, 2, 2, 2),
('mhs_36', 4, 4, 4, 4, 3, 4, 3, 4, 4, 4, 4),
('mhs_37', 5, 5, 5, 4, 4, 5, 5, 4, 4, 5, 5),
('mhs_38', 5, 5, 5, 5, 5, 5, 5, 5, 5, 5, 5),
('mhs_39', 4, 4, 5, 5, 4, 4, 4, 4, 5, 5, 5),
('mhs_40', 3, 3, 4, 4, 3, 4, 4, 3, 3, 3, 4),
('mhs_41', 3, 3, 3, 4, 4, 4, 3, 4, 3, 4, 3),
('mhs_42', 3, 3, 3, 4, 4, 4, 3, 4, 3, 5, 4),
('mhs_43', 3, 3, 3, 3, 3, 3, 3, 3, 3, 3, 3),
('mhs_44', 4, 4, 4, 5, 5, 4, 5, 5, 4, 4, 4),
('mhs_45', 3, 3, 3, 3, 4, 3, 4, 3, 3, 3, 3),
('mhs_46', 5, 5, 5, 5, 5, 5, 5, 5, 5, 5, 5),
('mhs_47', 4, 5, 5, 5, 5, 5, 4, 4, 5, 5, 5),
('mhs_48', 4, 4, 3, 3, 4, 3, 3, 5, 4, 4, 5),
('mhs_49', 3, 3, 4, 4, 3, 5, 4, 5, 4, 3, 4),
('mhs_50', 4, 4, 4, 5, 5, 4, 5, 4, 5, 4, 5),
('mhs_51', 4, 4, 4, 4, 4, 4, 4, 4, 4, 4, 4),
('mhs_52', 4, 3, 3, 5, 4, 4, 3, 5, 4, 4, 4),
('mhs_53', 4, 4, 5, 4, 4, 4, 4, 4, 4, 4, 4),
('mhs_54', 4, 4, 4, 3, 3, 3, 4, 4, 4, 4, 4),
('mhs_55', 3, 3, 4, 3, 4, 4, 3, 4, 4, 3, 4),
('mhs_56', 5, 4, 4, 5, 4, 4, 4, 5, 4, 4, 4),
('mhs_57', 5, 5, 5, 4, 4, 4, 5, 5, 4, 4, 5),
('mhs_58', 4, 4, 3, 5, 4, 3, 3, 4, 5, 3, 4),
('mhs_59', 4, 4, 4, 5, 4, 5, 5, 5, 4, 4, 4),
('mhs_60', 3, 3, 4, 2, 3, 3, 4, 4, 3, 3, 3),
('mhs_61', 3, 3, 3, 4, 4, 4, 3, 3, 3, 4, 4),
('mhs_62', 3, 3, 3, 4, 4, 4, 3, 3, 3, 4, 4),
('mhs_63', 4, 5, 5, 4, 4, 5, 5, 4, 4, 5, 5),
('mhs_64', 3, 4, 3, 4, 3, 4, 3, 3, 3, 3, 3),
('mhs_65', 2, 4, 4, 3, 5, 3, 2, 4, 5, 2, 4),
('mhs_66', 3, 4, 3, 3, 4, 5, 4, 5, 3, 4, 3),
('mhs_67', 4, 4, 4, 4, 4, 4, 4, 4, 4, 4, 4),
('mhs_68', 5, 4, 4, 4, 4, 5, 4, 4, 4, 4, 5),
('mhs_69', 3, 3, 3, 3, 3, 3, 3, 3, 3, 3, 3),
('mhs_70', 4, 4, 5, 5, 5, 4, 5, 4, 4, 4, 4),
('mhs_71', 5, 5, 5, 5, 5, 5, 5, 5, 5, 5, 5),
('mhs_72', 5, 5, 5, 5, 5, 5, 5, 5, 5, 5, 5),
('mhs_73', 4, 4, 4, 4, 4, 4, 4, 4, 4, 4, 4),
('mhs_74', 4, 4, 4, 4, 4, 4, 4, 4, 4, 4, 4),
('mhs_75', 4, 4, 4, 4, 4, 4, 4, 4, 4, 4, 4),
('mhs_76', 3, 5, 4, 4, 4, 4, 5, 4, 3, 4, 3),
('mhs_77', 5, 4, 4, 5, 4, 4, 5, 4, 5, 5, 5),
('mhs_78', 3, 4, 4, 4, 5, 5, 5, 4, 4, 4, 5),
('mhs_79', 3, 4, 4, 5, 5, 5, 4, 4, 4, 5, 4),
('mhs_80', 5, 4, 5, 5, 4, 4, 4, 5, 5, 4, 4),
('mhs_81', 4, 5, 3, 5, 4, 4, 5, 5, 5, 5, 5),
('mhs_82', 5, 5, 5, 5, 5, 5, 5, 4, 4, 4, 5),
('mhs_83', 3, 3, 4, 4, 3, 5, 5, 3, 4, 4, 3),
('mhs_84', 5, 5, 5, 4, 5, 5, 5, 5, 4, 4, 4),
('mhs_85', 4, 4, 5, 5, 5, 4, 4, 4, 5, 4, 5),
('mhs_86', 4, 3, 3, 4, 3, 4, 4, 4, 4, 3, 4),
('mhs_87', 4, 4, 5, 4, 4, 5, 5, 4, 4, 5, 4),
('mhs_88', 4, 4, 3, 2, 3, 3, 4, 4, 3, 4, 5),
('mhs_89', 3, 4, 4, 4, 4, 3, 3, 3, 3, 4, 4),
('mhs_90', 4, 4, 3, 4, 3, 3, 4, 4, 4, 5, 5),
('mhs_91', 3, 3, 2, 2, 3, 3, 2, 3, 2, 2, 2),
('mhs_92', 4, 4, 4, 5, 3, 3, 3, 3, 3, 2, 2),
('mhs_93', 5, 4, 5, 4, 5, 4, 4, 5, 5, 4, 4),
('mhs_94', 3, 3, 3, 3, 3, 3, 3, 3, 3, 3, 3),
('mhs_95', 4, 3, 4, 4, 5, 4, 4, 5, 4, 4, 4),
('staff_it', 4, 5, 3, 3, 4, 3, 4, 1, 3, 1, 2),
('stf_ak1', 4, 4, 4, 5, 4, 5, 2, 4, 5, 4, 5),
('stf_ak2', 1, 1, 2, 2, 3, 3, 2, 1, 1, 1, 1),
('stf_ak3', 2, 2, 3, 4, 4, 4, 4, 4, 2, 4, 4),
('stf_ak4', 4, 4, 4, 4, 4, 4, 4, 4, 4, 4, 4);

-- --------------------------------------------------------

--
-- Struktur dari tabel `ds5ta`
--

CREATE TABLE `ds5ta` (
  `kd_user` varchar(10) NOT NULL,
  `ds51ta` int(5) NOT NULL,
  `ds52ta` int(5) NOT NULL,
  `ds53ta` int(5) NOT NULL,
  `ds54ta` int(5) NOT NULL,
  `ds55ta` int(5) NOT NULL,
  `ds56ta` int(5) NOT NULL,
  `ds57ta` int(5) NOT NULL,
  `ds58ta` int(5) NOT NULL,
  `ds59ta` int(5) NOT NULL,
  `ds510ta` int(5) NOT NULL,
  `ds511ta` int(5) NOT NULL
) ENGINE=InnoDB DEFAULT CHARSET=latin1;

--
-- Dumping data untuk tabel `ds5ta`
--

INSERT INTO `ds5ta` (`kd_user`, `ds51ta`, `ds52ta`, `ds53ta`, `ds54ta`, `ds55ta`, `ds56ta`, `ds57ta`, `ds58ta`, `ds59ta`, `ds510ta`, `ds511ta`) VALUES
('kp_ak', 3, 3, 3, 3, 3, 3, 3, 3, 3, 3, 3),
('kp_it', 4, 3, 3, 3, 3, 4, 4, 4, 3, 4, 4),
('mhs_01', 2, 2, 2, 3, 3, 4, 3, 2, 2, 2, 2),
('mhs_02', 4, 4, 4, 5, 5, 5, 5, 5, 5, 4, 4),
('mhs_03', 5, 5, 5, 5, 5, 5, 5, 5, 5, 5, 5),
('mhs_04', 5, 5, 5, 5, 5, 5, 4, 3, 5, 5, 5),
('mhs_05', 4, 4, 4, 5, 5, 5, 5, 4, 5, 4, 5),
('mhs_06', 4, 4, 4, 4, 4, 4, 4, 4, 4, 4, 4),
('mhs_07', 4, 4, 4, 4, 4, 4, 4, 4, 4, 4, 4),
('mhs_08', 5, 5, 5, 5, 4, 5, 4, 5, 4, 5, 4),
('mhs_09', 1, 1, 1, 1, 1, 1, 1, 1, 1, 1, 1),
('mhs_10', 3, 3, 3, 3, 4, 4, 3, 3, 4, 3, 4),
('mhs_11', 4, 4, 4, 4, 4, 4, 3, 4, 3, 4, 4),
('mhs_12', 4, 4, 4, 4, 5, 4, 5, 4, 5, 4, 4),
('mhs_13', 4, 4, 4, 4, 5, 4, 5, 4, 5, 4, 4),
('mhs_14', 5, 5, 4, 4, 5, 5, 5, 5, 5, 5, 4),
('mhs_15', 4, 5, 4, 4, 4, 4, 4, 4, 4, 5, 4),
('mhs_16', 4, 4, 3, 5, 5, 4, 5, 4, 5, 4, 5),
('mhs_17', 4, 5, 5, 4, 4, 5, 5, 5, 5, 4, 4),
('mhs_18', 4, 5, 4, 4, 4, 5, 5, 5, 4, 5, 4),
('mhs_19', 3, 3, 3, 4, 3, 4, 3, 4, 3, 4, 3),
('mhs_20', 5, 5, 5, 5, 5, 5, 4, 4, 5, 5, 4),
('mhs_21', 4, 4, 5, 5, 4, 4, 4, 5, 5, 5, 4),
('mhs_22', 4, 4, 4, 4, 4, 4, 4, 4, 4, 4, 4),
('mhs_23', 4, 5, 4, 4, 4, 5, 5, 5, 4, 5, 4),
('mhs_24', 3, 4, 3, 4, 4, 4, 3, 3, 4, 3, 4),
('mhs_25', 2, 2, 2, 3, 3, 4, 3, 2, 2, 2, 2),
('mhs_26', 2, 5, 3, 4, 3, 4, 4, 4, 5, 4, 5),
('mhs_27', 5, 5, 4, 4, 5, 3, 5, 5, 5, 4, 4),
('mhs_28', 4, 5, 4, 4, 5, 4, 4, 4, 4, 4, 5),
('mhs_29', 4, 3, 4, 3, 5, 4, 4, 5, 4, 4, 5),
('mhs_30', 4, 4, 4, 5, 3, 3, 4, 3, 5, 4, 4),
('mhs_31', 4, 4, 4, 5, 4, 5, 5, 5, 4, 5, 5),
('mhs_32', 3, 3, 3, 3, 3, 3, 3, 3, 3, 3, 3),
('mhs_33', 4, 4, 4, 4, 4, 4, 4, 3, 5, 2, 3),
('mhs_34', 3, 3, 3, 3, 3, 3, 3, 3, 3, 3, 3),
('mhs_35', 2, 3, 3, 3, 3, 3, 3, 3, 3, 3, 3),
('mhs_36', 4, 4, 3, 3, 4, 3, 4, 4, 4, 4, 4),
('mhs_37', 5, 5, 5, 4, 5, 4, 5, 5, 5, 4, 5),
('mhs_38', 4, 4, 5, 5, 5, 5, 5, 5, 5, 5, 5),
('mhs_39', 4, 4, 4, 4, 5, 4, 4, 5, 5, 5, 5),
('mhs_40', 4, 4, 3, 4, 4, 3, 4, 4, 4, 4, 4),
('mhs_41', 4, 4, 4, 4, 4, 3, 4, 4, 4, 3, 4),
('mhs_42', 4, 4, 4, 4, 3, 4, 5, 4, 4, 4, 4),
('mhs_43', 5, 4, 4, 4, 4, 4, 4, 4, 4, 4, 4),
('mhs_44', 4, 4, 4, 4, 4, 4, 4, 4, 5, 5, 5),
('mhs_45', 4, 3, 4, 3, 5, 4, 4, 5, 4, 4, 5),
('mhs_46', 5, 5, 5, 5, 5, 5, 5, 5, 5, 5, 5),
('mhs_47', 5, 5, 5, 5, 4, 4, 5, 5, 5, 4, 5),
('mhs_48', 4, 5, 4, 3, 4, 4, 4, 5, 3, 4, 5),
('mhs_49', 4, 5, 5, 4, 3, 5, 4, 5, 4, 5, 5),
('mhs_50', 4, 5, 4, 5, 5, 4, 5, 5, 4, 5, 5),
('mhs_51', 4, 4, 4, 4, 4, 4, 4, 4, 4, 4, 4),
('mhs_52', 4, 4, 5, 4, 4, 4, 5, 4, 5, 4, 4),
('mhs_53', 4, 3, 4, 5, 4, 4, 4, 4, 4, 4, 5),
('mhs_54', 3, 3, 3, 4, 4, 4, 4, 3, 3, 3, 3),
('mhs_55', 4, 3, 4, 4, 3, 4, 4, 4, 3, 3, 3),
('mhs_56', 4, 5, 4, 4, 5, 4, 5, 4, 4, 5, 4),
('mhs_57', 5, 4, 5, 5, 5, 4, 4, 5, 5, 4, 5),
('mhs_58', 3, 3, 4, 3, 5, 4, 4, 5, 4, 5, 4),
('mhs_59', 4, 4, 4, 4, 4, 4, 4, 4, 4, 4, 4),
('mhs_60', 4, 4, 3, 3, 5, 4, 3, 3, 4, 3, 3),
('mhs_61', 4, 3, 4, 4, 4, 3, 4, 3, 4, 3, 4),
('mhs_62', 4, 3, 4, 4, 4, 3, 4, 3, 4, 3, 4),
('mhs_63', 4, 5, 3, 4, 5, 5, 4, 4, 5, 5, 4),
('mhs_64', 4, 4, 4, 4, 3, 3, 4, 3, 5, 3, 4),
('mhs_65', 3, 2, 4, 5, 3, 3, 4, 4, 3, 2, 5),
('mhs_66', 4, 4, 4, 4, 4, 5, 5, 4, 5, 4, 4),
('mhs_67', 5, 5, 5, 5, 5, 5, 5, 5, 5, 5, 5),
('mhs_68', 5, 5, 5, 5, 5, 5, 5, 5, 4, 4, 4),
('mhs_69', 3, 3, 3, 3, 3, 3, 3, 3, 3, 3, 3),
('mhs_70', 4, 4, 4, 5, 4, 5, 5, 5, 4, 5, 5),
('mhs_71', 5, 5, 5, 5, 5, 5, 5, 5, 5, 5, 5),
('mhs_72', 5, 5, 5, 5, 5, 5, 5, 5, 5, 5, 5),
('mhs_73', 4, 4, 4, 4, 4, 4, 4, 4, 4, 4, 4),
('mhs_74', 4, 4, 4, 4, 4, 4, 4, 4, 4, 4, 4),
('mhs_75', 4, 4, 4, 4, 4, 4, 4, 4, 3, 4, 3),
('mhs_76', 4, 5, 4, 3, 4, 4, 3, 4, 4, 3, 4),
('mhs_77', 4, 4, 5, 4, 4, 4, 4, 4, 4, 4, 4),
('mhs_78', 4, 4, 5, 4, 4, 4, 4, 5, 5, 5, 4),
('mhs_79', 4, 4, 5, 5, 4, 4, 5, 4, 4, 5, 4),
('mhs_80', 4, 4, 5, 4, 4, 5, 5, 4, 4, 4, 5),
('mhs_81', 5, 5, 5, 5, 5, 4, 4, 5, 4, 5, 5),
('mhs_82', 4, 3, 4, 3, 4, 3, 4, 3, 4, 3, 4),
('mhs_83', 2, 3, 4, 5, 3, 4, 2, 3, 2, 4, 3),
('mhs_84', 4, 4, 5, 5, 5, 4, 5, 4, 4, 5, 5),
('mhs_85', 4, 4, 4, 5, 5, 4, 5, 4, 5, 4, 4),
('mhs_86', 4, 4, 3, 4, 5, 4, 4, 4, 4, 4, 3),
('mhs_87', 3, 4, 3, 3, 3, 3, 3, 3, 3, 3, 3),
('mhs_88', 4, 3, 4, 4, 4, 3, 3, 4, 5, 4, 5),
('mhs_89', 4, 4, 4, 4, 4, 4, 4, 4, 4, 4, 4),
('mhs_90', 4, 4, 5, 3, 4, 5, 4, 4, 4, 4, 4),
('mhs_91', 4, 4, 4, 3, 3, 2, 3, 4, 4, 4, 4),
('mhs_92', 4, 4, 4, 4, 4, 5, 3, 2, 2, 2, 4),
('mhs_93', 5, 4, 5, 5, 5, 4, 4, 5, 4, 5, 4),
('mhs_94', 4, 4, 4, 4, 4, 4, 4, 4, 4, 4, 4),
('mhs_95', 4, 5, 4, 4, 4, 4, 4, 5, 5, 4, 4),
('staff_it', 4, 4, 5, 4, 5, 4, 5, 4, 4, 3, 3),
('stf_ak1', 5, 5, 3, 4, 4, 4, 4, 4, 4, 4, 4),
('stf_ak2', 3, 2, 3, 2, 3, 3, 3, 3, 3, 3, 4),
('stf_ak3', 4, 4, 4, 4, 4, 4, 4, 4, 4, 4, 3),
('stf_ak4', 5, 4, 4, 4, 4, 4, 4, 4, 4, 4, 4);

-- --------------------------------------------------------

--
-- Struktur dari tabel `ds10ac`
--

CREATE TABLE `ds10ac` (
  `kd_user` varchar(10) NOT NULL,
  `ds101ac` int(5) NOT NULL,
  `ds102ac` int(5) NOT NULL,
  `ds103ac` int(5) NOT NULL,
  `ds104ac` int(5) NOT NULL
) ENGINE=InnoDB DEFAULT CHARSET=latin1;

--
-- Dumping data untuk tabel `ds10ac`
--

INSERT INTO `ds10ac` (`kd_user`, `ds101ac`, `ds102ac`, `ds103ac`, `ds104ac`) VALUES
('kp_ak', 4, 4, 4, 4),
('kp_it', 3, 4, 3, 2),
('mhs_01', 1, 2, 2, 3),
('mhs_02', 4, 5, 5, 4),
('mhs_03', 5, 5, 5, 5),
('mhs_04', 5, 5, 5, 4),
('mhs_05', 5, 5, 5, 5),
('mhs_06', 4, 4, 4, 4),
('mhs_07', 4, 4, 4, 4),
('mhs_08', 5, 5, 5, 5),
('mhs_09', 3, 3, 3, 3),
('mhs_10', 3, 3, 4, 4),
('mhs_11', 4, 5, 5, 5),
('mhs_12', 4, 4, 4, 4),
('mhs_13', 4, 5, 4, 3),
('mhs_14', 5, 4, 4, 4),
('mhs_15', 4, 5, 4, 5),
('mhs_16', 3, 4, 5, 5),
('mhs_17', 5, 5, 5, 5),
('mhs_18', 4, 4, 4, 4),
('mhs_19', 3, 4, 3, 4),
('mhs_20', 5, 5, 5, 5),
('mhs_21', 5, 5, 5, 5),
('mhs_22', 4, 4, 4, 4),
('mhs_23', 5, 4, 4, 4),
('mhs_24', 3, 4, 4, 4),
('mhs_25', 1, 2, 3, 2),
('mhs_26', 4, 3, 4, 5),
('mhs_27', 5, 4, 5, 5),
('mhs_28', 4, 5, 5, 5),
('mhs_29', 5, 4, 4, 4),
('mhs_30', 4, 4, 5, 4),
('mhs_31', 4, 4, 4, 4),
('mhs_32', 2, 2, 2, 2),
('mhs_33', 4, 4, 4, 4),
('mhs_34', 2, 2, 2, 2),
('mhs_35', 2, 2, 2, 2),
('mhs_36', 4, 3, 4, 4),
('mhs_37', 5, 5, 4, 4),
('mhs_38', 4, 5, 5, 5),
('mhs_39', 4, 4, 4, 4),
('mhs_40', 3, 3, 3, 3),
('mhs_41', 3, 4, 3, 4),
('mhs_42', 4, 4, 3, 4),
('mhs_43', 3, 3, 3, 3),
('mhs_44', 4, 4, 4, 4),
('mhs_45', 5, 4, 4, 4),
('mhs_46', 5, 5, 5, 5),
('mhs_47', 4, 5, 5, 5),
('mhs_48', 3, 4, 5, 4),
('mhs_49', 4, 5, 5, 5),
('mhs_50', 4, 5, 5, 5),
('mhs_51', 5, 5, 5, 5),
('mhs_52', 3, 4, 3, 3),
('mhs_53', 4, 5, 4, 4),
('mhs_54', 4, 4, 3, 3),
('mhs_55', 3, 4, 3, 4),
('mhs_56', 4, 5, 5, 5),
('mhs_57', 5, 4, 4, 5),
('mhs_58', 4, 3, 4, 3),
('mhs_59', 4, 4, 4, 4),
('mhs_60', 3, 3, 3, 3),
('mhs_61', 4, 4, 4, 3),
('mhs_62', 4, 4, 4, 3),
('mhs_63', 5, 5, 4, 4),
('mhs_64', 4, 4, 4, 5),
('mhs_65', 2, 3, 4, 3),
('mhs_66', 4, 4, 4, 4),
('mhs_67', 5, 5, 5, 5),
('mhs_68', 5, 5, 5, 5),
('mhs_69', 3, 3, 3, 3),
('mhs_70', 4, 4, 4, 4),
('mhs_71', 5, 5, 5, 5),
('mhs_72', 4, 4, 3, 4),
('mhs_73', 3, 3, 3, 4),
('mhs_74', 5, 5, 4, 4),
('mhs_75', 3, 3, 3, 4),
('mhs_76', 5, 4, 4, 5),
('mhs_77', 4, 5, 5, 5),
('mhs_78', 4, 5, 4, 5),
('mhs_79', 4, 5, 4, 5),
('mhs_80', 4, 5, 5, 4),
('mhs_81', 5, 5, 5, 5),
('mhs_82', 3, 4, 3, 4),
('mhs_83', 3, 4, 5, 5),
('mhs_84', 5, 5, 4, 4),
('mhs_85', 4, 4, 3, 4),
('mhs_86', 4, 3, 4, 3),
('mhs_87', 4, 4, 5, 4),
('mhs_88', 4, 3, 4, 5),
('mhs_89', 3, 4, 4, 4),
('mhs_90', 4, 3, 4, 5),
('mhs_91', 3, 3, 3, 3),
('mhs_92', 2, 2, 2, 2),
('mhs_93', 5, 4, 5, 5),
('mhs_94', 3, 4, 3, 4),
('mhs_95', 3, 4, 3, 4),
('staff_it', 3, 2, 4, 3),
('stf_ak1', 4, 4, 4, 4),
('stf_ak2', 1, 2, 2, 2),
('stf_ak3', 3, 4, 4, 4),
('stf_ak4', 3, 3, 3, 3);

-- --------------------------------------------------------

--
-- Struktur dari tabel `ds10gsm`
--

CREATE TABLE `ds10gsm` (
  `kd_user` varchar(10) NOT NULL,
  `ds101gsm` int(5) NOT NULL,
  `ds102gsm` int(5) NOT NULL,
  `ds103gsm` int(5) NOT NULL,
  `ds104gsm` int(5) NOT NULL
) ENGINE=InnoDB DEFAULT CHARSET=latin1;

--
-- Dumping data untuk tabel `ds10gsm`
--

INSERT INTO `ds10gsm` (`kd_user`, `ds101gsm`, `ds102gsm`, `ds103gsm`, `ds104gsm`) VALUES
('kp_ak', 3, 3, 3, 3),
('kp_it', 4, 3, 4, 2),
('mhs_01', 3, 2, 3, 4),
('mhs_02', 5, 5, 5, 5),
('mhs_03', 5, 5, 5, 5),
('mhs_04', 5, 4, 5, 4),
('mhs_05', 5, 5, 5, 5),
('mhs_06', 5, 5, 5, 5),
('mhs_07', 5, 5, 5, 5),
('mhs_08', 5, 5, 5, 5),
('mhs_09', 5, 5, 5, 5),
('mhs_10', 4, 4, 5, 5),
('mhs_11', 5, 5, 5, 5),
('mhs_12', 4, 4, 4, 4),
('mhs_13', 4, 3, 4, 3),
('mhs_14', 5, 5, 5, 4),
('mhs_15', 5, 4, 5, 4),
('mhs_16', 5, 4, 5, 5),
('mhs_17', 4, 5, 5, 4),
('mhs_18', 4, 4, 4, 4),
('mhs_19', 3, 4, 3, 4),
('mhs_20', 5, 4, 5, 3),
('mhs_21', 4, 4, 5, 5),
('mhs_22', 3, 4, 3, 4),
('mhs_23', 4, 4, 4, 5),
('mhs_24', 3, 3, 3, 4),
('mhs_25', 3, 3, 4, 4),
('mhs_26', 3, 3, 4, 5),
('mhs_27', 5, 5, 5, 4),
('mhs_28', 3, 4, 5, 5),
('mhs_29', 4, 4, 5, 5),
('mhs_30', 3, 3, 3, 4),
('mhs_31', 4, 5, 4, 5),
('mhs_32', 3, 3, 3, 3),
('mhs_33', 5, 5, 5, 5),
('mhs_34', 3, 3, 3, 3),
('mhs_35', 2, 3, 2, 3),
('mhs_36', 4, 4, 4, 4),
('mhs_37', 4, 5, 5, 4),
('mhs_38', 4, 5, 5, 5),
('mhs_39', 4, 4, 4, 4),
('mhs_40', 3, 4, 5, 4),
('mhs_41', 3, 3, 4, 3),
('mhs_42', 4, 3, 4, 3),
('mhs_43', 3, 3, 3, 3),
('mhs_44', 4, 5, 4, 5),
('mhs_45', 4, 4, 5, 5),
('mhs_46', 5, 5, 5, 5),
('mhs_47', 4, 4, 5, 5),
('mhs_48', 4, 4, 4, 4),
('mhs_49', 4, 3, 4, 5),
('mhs_50', 4, 4, 5, 5),
('mhs_51', 4, 5, 4, 5),
('mhs_52', 4, 3, 3, 5),
('mhs_53', 4, 4, 5, 5),
('mhs_54', 4, 4, 3, 3),
('mhs_55', 4, 4, 3, 4),
('mhs_56', 5, 5, 4, 4),
('mhs_57', 5, 5, 4, 5),
('mhs_58', 4, 3, 4, 5),
('mhs_59', 4, 5, 5, 5),
('mhs_60', 4, 4, 3, 3),
('mhs_61', 4, 4, 4, 4),
('mhs_62', 4, 4, 4, 4),
('mhs_63', 4, 5, 5, 4),
('mhs_64', 3, 4, 4, 4),
('mhs_65', 3, 3, 4, 5),
('mhs_66', 4, 4, 5, 4),
('mhs_67', 4, 4, 5, 5),
('mhs_68', 5, 5, 5, 5),
('mhs_69', 3, 3, 3, 3),
('mhs_70', 4, 5, 4, 5),
('mhs_71', 5, 5, 5, 5),
('mhs_72', 5, 5, 5, 5),
('mhs_73', 3, 4, 3, 4),
('mhs_74', 4, 4, 4, 4),
('mhs_75', 4, 4, 4, 4),
('mhs_76', 3, 3, 3, 3),
('mhs_77', 5, 4, 5, 5),
('mhs_78', 5, 4, 5, 4),
('mhs_79', 4, 5, 4, 5),
('mhs_80', 4, 5, 4, 5),
('mhs_81', 5, 3, 3, 4),
('mhs_82', 5, 4, 5, 4),
('mhs_83', 4, 5, 4, 5),
('mhs_84', 3, 4, 5, 4),
('mhs_85', 4, 4, 4, 4),
('mhs_86', 4, 4, 4, 4),
('mhs_87', 3, 4, 4, 4),
('mhs_88', 4, 4, 5, 5),
('mhs_89', 3, 3, 4, 4),
('mhs_90', 4, 5, 5, 4),
('mhs_91', 2, 2, 2, 2),
('mhs_92', 5, 4, 3, 4),
('mhs_93', 5, 5, 4, 5),
('mhs_94', 3, 4, 4, 4),
('mhs_95', 3, 4, 3, 4),
('staff_it', 2, 4, 5, 4),
('stf_ak1', 2, 5, 5, 5),
('stf_ak2', 2, 2, 3, 2),
('stf_ak3', 2, 2, 2, 2),
('stf_ak4', 4, 5, 5, 5);

-- --------------------------------------------------------

--
-- Struktur dari tabel `ds10psp`
--

CREATE TABLE `ds10psp` (
  `kd_user` varchar(10) NOT NULL,
  `ds101psp` int(5) NOT NULL,
  `ds102psp` int(5) NOT NULL,
  `ds103psp` int(5) NOT NULL,
  `ds104psp` int(5) NOT NULL
) ENGINE=InnoDB DEFAULT CHARSET=latin1;

--
-- Dumping data untuk tabel `ds10psp`
--

INSERT INTO `ds10psp` (`kd_user`, `ds101psp`, `ds102psp`, `ds103psp`, `ds104psp`) VALUES
('kp_ak', 3, 3, 3, 3),
('kp_it', 3, 4, 2, 4),
('mhs_01', 3, 4, 3, 3),
('mhs_02', 5, 5, 5, 5),
('mhs_03', 5, 5, 5, 5),
('mhs_04', 5, 4, 4, 5),
('mhs_05', 5, 5, 5, 5),
('mhs_06', 5, 5, 5, 5),
('mhs_07', 5, 5, 5, 5),
('mhs_08', 4, 5, 5, 5),
('mhs_09', 5, 5, 5, 5),
('mhs_10', 4, 4, 4, 4),
('mhs_11', 4, 3, 5, 5),
('mhs_12', 4, 3, 4, 4),
('mhs_13', 4, 3, 4, 3),
('mhs_14', 5, 4, 4, 4),
('mhs_15', 5, 4, 5, 4),
('mhs_16', 4, 4, 5, 5),
('mhs_17', 3, 4, 5, 5),
('mhs_18', 5, 5, 4, 5),
('mhs_19', 3, 4, 4, 4),
('mhs_20', 2, 2, 2, 3),
('mhs_21', 5, 5, 5, 5),
('mhs_22', 3, 4, 3, 3),
('mhs_23', 5, 4, 4, 4),
('mhs_24', 4, 4, 3, 4),
('mhs_25', 3, 4, 3, 3),
('mhs_26', 5, 4, 4, 5),
('mhs_27', 5, 5, 4, 5),
('mhs_28', 5, 4, 5, 4),
('mhs_29', 5, 5, 4, 4),
('mhs_30', 4, 4, 3, 4),
('mhs_31', 3, 3, 4, 4),
('mhs_32', 3, 3, 3, 3),
('mhs_33', 4, 4, 5, 4),
('mhs_34', 3, 3, 3, 3),
('mhs_35', 2, 2, 3, 3),
('mhs_36', 4, 4, 3, 4),
('mhs_37', 5, 5, 5, 5),
('mhs_38', 5, 5, 5, 5),
('mhs_39', 4, 4, 4, 4),
('mhs_40', 3, 4, 3, 3),
('mhs_41', 3, 4, 3, 4),
('mhs_42', 3, 4, 4, 4),
('mhs_43', 3, 3, 3, 3),
('mhs_44', 5, 5, 4, 5),
('mhs_45', 5, 5, 4, 4),
('mhs_46', 5, 5, 5, 5),
('mhs_47', 4, 5, 5, 5),
('mhs_48', 3, 4, 5, 3),
('mhs_49', 3, 4, 5, 4),
('mhs_50', 5, 5, 4, 5),
('mhs_51', 3, 4, 3, 4),
('mhs_52', 4, 5, 4, 4),
('mhs_53', 4, 3, 4, 4),
('mhs_54', 4, 4, 4, 4),
('mhs_55', 3, 4, 3, 4),
('mhs_56', 5, 5, 4, 4),
('mhs_57', 5, 5, 5, 4),
('mhs_58', 4, 4, 3, 5),
('mhs_59', 4, 4, 4, 4),
('mhs_60', 3, 3, 4, 4),
('mhs_61', 4, 3, 4, 3),
('mhs_62', 4, 3, 4, 3),
('mhs_63', 4, 4, 5, 5),
('mhs_64', 4, 4, 3, 4),
('mhs_65', 2, 3, 4, 5),
('mhs_66', 5, 5, 4, 5),
('mhs_67', 5, 4, 5, 4),
('mhs_68', 4, 4, 4, 4),
('mhs_69', 3, 3, 3, 3),
('mhs_70', 4, 5, 4, 4),
('mhs_71', 5, 5, 5, 5),
('mhs_72', 5, 5, 5, 5),
('mhs_73', 3, 3, 3, 4),
('mhs_74', 4, 4, 4, 4),
('mhs_75', 3, 3, 4, 4),
('mhs_76', 4, 3, 4, 3),
('mhs_77', 5, 4, 5, 5),
('mhs_78', 5, 4, 4, 4),
('mhs_79', 4, 4, 5, 4),
('mhs_80', 4, 4, 5, 4),
('mhs_81', 4, 5, 4, 5),
('mhs_82', 4, 3, 4, 3),
('mhs_83', 3, 4, 5, 4),
('mhs_84', 2, 2, 3, 2),
('mhs_85', 4, 4, 4, 4),
('mhs_86', 4, 3, 3, 3),
('mhs_87', 4, 5, 4, 4),
('mhs_88', 4, 4, 5, 4),
('mhs_89', 3, 3, 3, 3),
('mhs_90', 2, 4, 3, 4),
('mhs_91', 3, 3, 2, 2),
('mhs_92', 5, 5, 4, 5),
('mhs_93', 5, 4, 5, 4),
('mhs_94', 4, 3, 4, 3),
('mhs_95', 3, 4, 4, 4),
('staff_it', 3, 4, 4, 3),
('stf_ak1', 3, 3, 1, 2),
('stf_ak2', 1, 1, 1, 1),
('stf_ak3', 2, 2, 2, 2),
('stf_ak4', 4, 3, 4, 4);

-- --------------------------------------------------------

--
-- Struktur dari tabel `ds10ra`
--

CREATE TABLE `ds10ra` (
  `kd_user` varchar(10) NOT NULL,
  `ds101ra` int(5) NOT NULL,
  `ds102ra` int(5) NOT NULL,
  `ds103ra` int(5) NOT NULL,
  `ds104ra` int(5) NOT NULL
) ENGINE=InnoDB DEFAULT CHARSET=latin1;

--
-- Dumping data untuk tabel `ds10ra`
--

INSERT INTO `ds10ra` (`kd_user`, `ds101ra`, `ds102ra`, `ds103ra`, `ds104ra`) VALUES
('kp_ak', 4, 4, 4, 4),
('kp_it', 3, 4, 2, 4),
('mhs_01', 4, 3, 3, 3),
('mhs_02', 5, 5, 5, 5),
('mhs_03', 5, 5, 5, 5),
('mhs_04', 5, 5, 5, 5),
('mhs_05', 4, 4, 4, 5),
('mhs_06', 5, 5, 5, 5),
('mhs_07', 5, 5, 5, 5),
('mhs_08', 5, 3, 4, 5),
('mhs_09', 5, 5, 5, 5),
('mhs_10', 4, 4, 5, 5),
('mhs_11', 5, 4, 5, 5),
('mhs_12', 3, 3, 3, 4),
('mhs_13', 3, 3, 3, 3),
('mhs_14', 4, 4, 5, 4),
('mhs_15', 5, 4, 5, 4),
('mhs_16', 5, 5, 4, 5),
('mhs_17', 5, 5, 5, 5),
('mhs_18', 4, 5, 4, 5),
('mhs_19', 3, 4, 4, 3),
('mhs_20', 4, 5, 4, 5),
('mhs_21', 5, 5, 5, 5),
('mhs_22', 4, 3, 3, 4),
('mhs_23', 5, 5, 5, 5),
('mhs_24', 3, 3, 4, 4),
('mhs_25', 4, 3, 4, 3),
('mhs_26', 4, 4, 3, 4),
('mhs_27', 4, 4, 4, 5),
('mhs_28', 4, 4, 5, 4),
('mhs_29', 4, 3, 4, 4),
('mhs_30', 4, 4, 3, 4),
('mhs_31', 5, 5, 5, 4),
('mhs_32', 3, 3, 3, 3),
('mhs_33', 5, 4, 5, 4),
('mhs_34', 3, 3, 3, 3),
('mhs_35', 3, 3, 3, 3),
('mhs_36', 4, 4, 4, 4),
('mhs_37', 4, 4, 4, 4),
('mhs_38', 5, 5, 5, 5),
('mhs_39', 4, 5, 4, 4),
('mhs_40', 4, 4, 5, 4),
('mhs_41', 4, 3, 4, 3),
('mhs_42', 4, 4, 4, 4),
('mhs_43', 3, 3, 3, 3),
('mhs_44', 5, 5, 4, 4),
('mhs_45', 4, 3, 4, 4),
('mhs_46', 5, 5, 5, 5),
('mhs_47', 4, 5, 5, 5),
('mhs_48', 4, 4, 4, 3),
('mhs_49', 4, 5, 5, 4),
('mhs_50', 5, 5, 5, 5),
('mhs_51', 4, 4, 4, 3),
('mhs_52', 4, 5, 3, 4),
('mhs_53', 4, 4, 4, 4),
('mhs_54', 3, 4, 4, 4),
('mhs_55', 3, 4, 3, 3),
('mhs_56', 5, 5, 4, 4),
('mhs_57', 4, 5, 5, 4),
('mhs_58', 5, 4, 3, 5),
('mhs_59', 5, 5, 5, 5),
('mhs_60', 4, 4, 4, 3),
('mhs_61', 4, 4, 4, 4),
('mhs_62', 4, 4, 4, 4),
('mhs_63', 4, 4, 5, 5),
('mhs_64', 4, 4, 4, 4),
('mhs_65', 4, 4, 5, 5),
('mhs_66', 4, 4, 4, 4),
('mhs_67', 4, 4, 5, 5),
('mhs_68', 5, 5, 5, 4),
('mhs_69', 3, 3, 3, 3),
('mhs_70', 4, 4, 5, 4),
('mhs_71', 5, 5, 5, 5),
('mhs_72', 4, 4, 4, 5),
('mhs_73', 3, 3, 3, 4),
('mhs_74', 4, 4, 4, 4),
('mhs_75', 4, 4, 4, 4),
('mhs_76', 4, 3, 4, 3),
('mhs_77', 5, 4, 5, 4),
('mhs_78', 4, 4, 4, 4),
('mhs_79', 4, 5, 4, 4),
('mhs_80', 4, 5, 4, 5),
('mhs_81', 5, 5, 4, 5),
('mhs_82', 5, 5, 4, 5),
('mhs_83', 3, 4, 5, 3),
('mhs_84', 4, 3, 2, 4),
('mhs_85', 3, 4, 4, 4),
('mhs_86', 4, 4, 4, 3),
('mhs_87', 4, 4, 4, 4),
('mhs_88', 3, 4, 5, 5),
('mhs_89', 3, 3, 3, 3),
('mhs_90', 4, 5, 4, 4),
('mhs_91', 3, 3, 2, 2),
('mhs_92', 5, 1, 1, 3),
('mhs_93', 5, 5, 4, 5),
('mhs_94', 3, 4, 3, 4),
('mhs_95', 4, 3, 4, 3),
('staff_it', 2, 3, 2, 2),
('stf_ak1', 4, 5, 5, 5),
('stf_ak2', 2, 1, 2, 2),
('stf_ak3', 3, 5, 5, 5),
('stf_ak4', 4, 3, 4, 4);

-- --------------------------------------------------------

--
-- Struktur dari tabel `ds10se`
--

CREATE TABLE `ds10se` (
  `kd_user` varchar(10) NOT NULL,
  `ds101se` int(5) NOT NULL,
  `ds102se` int(5) NOT NULL,
  `ds103se` int(5) NOT NULL,
  `ds104se` int(5) NOT NULL
) ENGINE=InnoDB DEFAULT CHARSET=latin1;

--
-- Dumping data untuk tabel `ds10se`
--

INSERT INTO `ds10se` (`kd_user`, `ds101se`, `ds102se`, `ds103se`, `ds104se`) VALUES
('kp_ak', 3, 3, 3, 3),
('kp_it', 3, 4, 3, 4),
('mhs_01', 3, 3, 4, 4),
('mhs_02', 5, 5, 5, 5),
('mhs_03', 5, 5, 5, 5),
('mhs_04', 4, 5, 5, 5),
('mhs_05', 4, 5, 5, 5),
('mhs_06', 5, 5, 5, 5),
('mhs_07', 5, 5, 5, 5),
('mhs_08', 3, 3, 3, 4),
('mhs_09', 5, 5, 5, 5),
('mhs_10', 4, 5, 4, 4),
('mhs_11', 5, 5, 5, 5),
('mhs_12', 4, 4, 4, 4),
('mhs_13', 3, 3, 4, 3),
('mhs_14', 4, 4, 5, 4),
('mhs_15', 4, 4, 3, 4),
('mhs_16', 4, 5, 5, 5),
('mhs_17', 4, 4, 5, 5),
('mhs_18', 4, 4, 4, 4),
('mhs_19', 3, 4, 3, 3),
('mhs_20', 2, 2, 4, 5),
('mhs_21', 4, 4, 4, 4),
('mhs_22', 2, 2, 2, 2),
('mhs_23', 4, 5, 4, 5),
('mhs_24', 4, 4, 4, 4),
('mhs_25', 3, 4, 4, 3),
('mhs_26', 3, 4, 3, 3),
('mhs_27', 5, 5, 5, 4),
('mhs_28', 4, 4, 4, 5),
('mhs_29', 4, 5, 5, 4),
('mhs_30', 3, 2, 3, 3),
('mhs_31', 4, 4, 4, 4),
('mhs_32', 3, 3, 3, 3),
('mhs_33', 4, 4, 3, 4),
('mhs_34', 3, 3, 3, 3),
('mhs_35', 2, 3, 2, 3),
('mhs_36', 4, 4, 4, 4),
('mhs_37', 4, 5, 5, 4),
('mhs_38', 5, 5, 5, 5),
('mhs_39', 4, 5, 4, 5),
('mhs_40', 4, 5, 4, 4),
('mhs_41', 3, 3, 4, 4),
('mhs_42', 4, 4, 4, 4),
('mhs_43', 3, 3, 3, 3),
('mhs_44', 4, 4, 5, 5),
('mhs_45', 4, 5, 5, 4),
('mhs_46', 5, 5, 5, 5),
('mhs_47', 4, 5, 5, 5),
('mhs_48', 3, 4, 5, 5),
('mhs_49', 4, 4, 4, 5),
('mhs_50', 4, 5, 4, 5),
('mhs_51', 5, 5, 5, 5),
('mhs_52', 4, 3, 4, 4),
('mhs_53', 4, 4, 4, 3),
('mhs_54', 4, 4, 4, 4),
('mhs_55', 4, 3, 4, 3),
('mhs_56', 4, 5, 4, 4),
('mhs_57', 5, 5, 4, 4),
('mhs_58', 4, 3, 5, 5),
('mhs_59', 4, 4, 4, 4),
('mhs_60', 3, 3, 3, 3),
('mhs_61', 4, 4, 4, 4),
('mhs_62', 4, 4, 4, 4),
('mhs_63', 4, 5, 4, 5),
('mhs_64', 4, 4, 4, 4),
('mhs_65', 2, 3, 4, 4),
('mhs_66', 5, 5, 5, 4),
('mhs_67', 5, 5, 5, 5),
('mhs_68', 4, 4, 4, 4),
('mhs_69', 2, 2, 2, 2),
('mhs_70', 4, 5, 4, 5),
('mhs_71', 5, 5, 5, 5),
('mhs_72', 5, 5, 5, 5),
('mhs_73', 3, 3, 3, 4),
('mhs_74', 4, 4, 4, 4),
('mhs_75', 4, 3, 4, 4),
('mhs_76', 3, 4, 4, 3),
('mhs_77', 5, 5, 4, 5),
('mhs_78', 4, 4, 4, 4),
('mhs_79', 4, 4, 5, 4),
('mhs_80', 5, 5, 4, 5),
('mhs_81', 5, 5, 4, 4),
('mhs_82', 5, 5, 5, 5),
('mhs_83', 3, 4, 5, 5),
('mhs_84', 3, 2, 3, 3),
('mhs_85', 4, 4, 4, 4),
('mhs_86', 4, 3, 4, 4),
('mhs_87', 3, 4, 3, 4),
('mhs_88', 4, 3, 4, 4),
('mhs_89', 2, 3, 3, 3),
('mhs_90', 3, 4, 4, 5),
('mhs_91', 3, 2, 2, 3),
('mhs_92', 4, 4, 4, 4),
('mhs_93', 5, 4, 4, 4),
('mhs_94', 4, 4, 3, 3),
('mhs_95', 4, 4, 3, 4),
('staff_it', 3, 4, 3, 2),
('stf_ak1', 4, 4, 3, 5),
('stf_ak2', 1, 1, 1, 3),
('stf_ak3', 4, 4, 4, 4),
('stf_ak4', 4, 3, 4, 4);

-- --------------------------------------------------------

--
-- Struktur dari tabel `ds10ta`
--

CREATE TABLE `ds10ta` (
  `kd_user` varchar(10) NOT NULL,
  `ds101ta` int(5) NOT NULL,
  `ds102ta` int(5) NOT NULL,
  `ds103ta` int(5) NOT NULL,
  `ds104ta` int(5) NOT NULL
) ENGINE=InnoDB DEFAULT CHARSET=latin1;

--
-- Dumping data untuk tabel `ds10ta`
--

INSERT INTO `ds10ta` (`kd_user`, `ds101ta`, `ds102ta`, `ds103ta`, `ds104ta`) VALUES
('kp_ak', 3, 3, 3, 3),
('kp_it', 3, 4, 3, 4),
('mhs_01', 2, 2, 2, 2),
('mhs_02', 5, 4, 5, 5),
('mhs_03', 5, 5, 5, 5),
('mhs_04', 5, 5, 5, 5),
('mhs_05', 4, 5, 4, 5),
('mhs_06', 5, 5, 5, 5),
('mhs_07', 5, 5, 5, 5),
('mhs_08', 5, 4, 3, 4),
('mhs_09', 1, 1, 1, 1),
('mhs_10', 4, 5, 3, 4),
('mhs_11', 5, 5, 5, 5),
('mhs_12', 4, 4, 4, 4),
('mhs_13', 3, 3, 4, 3),
('mhs_14', 4, 5, 4, 4),
('mhs_15', 4, 4, 4, 5),
('mhs_16', 4, 5, 4, 4),
('mhs_17', 5, 5, 5, 5),
('mhs_18', 4, 5, 4, 4),
('mhs_19', 3, 3, 4, 4),
('mhs_20', 3, 3, 2, 2),
('mhs_21', 5, 5, 5, 4),
('mhs_22', 4, 4, 4, 4),
('mhs_23', 5, 5, 5, 5),
('mhs_24', 3, 4, 4, 4),
('mhs_25', 2, 3, 2, 3),
('mhs_26', 3, 4, 3, 4),
('mhs_27', 5, 5, 5, 4),
('mhs_28', 4, 5, 5, 4),
('mhs_29', 4, 4, 4, 4),
('mhs_30', 4, 3, 4, 4),
('mhs_31', 3, 3, 3, 4),
('mhs_32', 3, 3, 3, 3),
('mhs_33', 4, 4, 4, 4),
('mhs_34', 3, 3, 3, 3),
('mhs_35', 3, 3, 3, 3),
('mhs_36', 4, 3, 4, 3),
('mhs_37', 4, 5, 4, 4),
('mhs_38', 5, 5, 5, 5),
('mhs_39', 4, 5, 4, 5),
('mhs_40', 3, 4, 4, 4),
('mhs_41', 4, 3, 4, 5),
('mhs_42', 4, 3, 4, 4),
('mhs_43', 3, 3, 3, 3),
('mhs_44', 4, 5, 4, 5),
('mhs_45', 4, 4, 4, 4),
('mhs_46', 5, 5, 5, 5),
('mhs_47', 4, 5, 5, 5),
('mhs_48', 4, 3, 4, 5),
('mhs_49', 4, 4, 4, 4),
('mhs_50', 5, 4, 5, 5),
('mhs_51', 5, 5, 5, 5),
('mhs_52', 4, 3, 3, 5),
('mhs_53', 4, 4, 3, 4),
('mhs_54', 3, 4, 3, 3),
('mhs_55', 3, 4, 3, 4),
('mhs_56', 4, 4, 4, 5),
('mhs_57', 4, 4, 5, 4),
('mhs_58', 4, 4, 3, 5),
('mhs_59', 4, 4, 5, 5),
('mhs_60', 3, 3, 4, 4),
('mhs_61', 4, 3, 3, 4),
('mhs_62', 4, 3, 3, 4),
('mhs_63', 3, 4, 5, 4),
('mhs_64', 4, 4, 4, 4),
('mhs_65', 2, 3, 4, 3),
('mhs_66', 5, 5, 4, 4),
('mhs_67', 5, 4, 5, 5),
('mhs_68', 5, 5, 4, 5),
('mhs_69', 2, 2, 2, 2),
('mhs_70', 4, 5, 4, 4),
('mhs_71', 5, 5, 5, 5),
('mhs_72', 4, 4, 4, 4),
('mhs_73', 4, 4, 3, 4),
('mhs_74', 4, 4, 4, 4),
('mhs_75', 3, 4, 4, 4),
('mhs_76', 4, 3, 4, 3),
('mhs_77', 5, 5, 4, 4),
('mhs_78', 5, 5, 4, 4),
('mhs_79', 4, 5, 4, 5),
('mhs_80', 4, 4, 5, 5),
('mhs_81', 4, 4, 4, 4),
('mhs_82', 4, 4, 4, 5),
('mhs_83', 3, 4, 5, 5),
('mhs_84', 2, 3, 4, 3),
('mhs_85', 4, 4, 4, 4),
('mhs_86', 4, 4, 4, 4),
('mhs_87', 5, 5, 5, 5),
('mhs_88', 3, 4, 3, 3),
('mhs_89', 4, 4, 4, 4),
('mhs_90', 4, 4, 5, 5),
('mhs_91', 2, 2, 2, 2),
('mhs_92', 4, 5, 4, 4),
('mhs_93', 5, 4, 5, 5),
('mhs_94', 4, 3, 3, 4),
('mhs_95', 4, 4, 4, 4),
('staff_it', 4, 3, 4, 3),
('stf_ak1', 4, 4, 4, 4),
('stf_ak2', 3, 3, 3, 3),
('stf_ak3', 3, 3, 3, 3),
('stf_ak4', 4, 4, 4, 4);

-- --------------------------------------------------------

--
-- Struktur dari tabel `kuesioner`
--

CREATE TABLE `kuesioner` (
  `No` int(11) NOT NULL,
  `id_responden` varchar(10) NOT NULL,
  `c_obj` varchar(5) NOT NULL,
  `atrb` varchar(5) NOT NULL,
  `nilai` varchar(2) NOT NULL
) ENGINE=InnoDB DEFAULT CHARSET=latin1;

--
-- Dumping data untuk tabel `kuesioner`
--

INSERT INTO `kuesioner` (`No`, `id_responden`, `c_obj`, `atrb`, `nilai`) VALUES
(1, 'S1', 'DS1.1', 'AC', '5');

-- --------------------------------------------------------

--
-- Struktur dari tabel `user`
--

CREATE TABLE `user` (
  `kd_user` varchar(10) NOT NULL,
  `password` varchar(32) NOT NULL,
  `email` varchar(25) NOT NULL,
  `nama_user` varchar(50) NOT NULL,
  `jenkel` varchar(10) NOT NULL,
  `lvl` varchar(10) NOT NULL
) ENGINE=InnoDB DEFAULT CHARSET=latin1;

--
-- Dumping data untuk tabel `user`
--

INSERT INTO `user` (`kd_user`, `password`, `email`, `nama_user`, `jenkel`, `lvl`) VALUES
('admin', '21232f297a57a5a743894a0e4a801fc3', 'fitra_drive@gmail.com', 'Fitra Ashari', 'Laki-laki', 'admin'),
('mhs_1', 'c1a3bcf5f1d84dffe677d1b1e3883834', 'asd@gmail.com', 'Mahasiswa 1', 'Laki-laki', 'mahasiswa'),
('mhs_test', '3d3fa95791850ac4d9cf1bdff1a7736c', 'mhs_test@gmail.com', 'Mahasiswa', 'Laki-laki', 'mahasiswa'),
('pt_1', '1b2e7728e6ab8b6a4dc82423c8cd14a4', 'pt_1@gmail.com', 'Petugas 1', 'Laki-laki', 'pegawai'),
('staff_it', 'd41d8cd98f00b204e9800998ecf8427e', 'staff@stikesaisyiyah.ac.i', 'Agus', 'Laki-Laki', 'pegawai'),
('staff_test', '385e7586e0ecf59c4db7d550d7ba7b65', 'staff@gmail.com', 'staff it test', 'Laki-laki', 'pegawai');

--
-- Indexes for dumped tables
--

--
-- Indeks untuk tabel `ds1ac`
--
ALTER TABLE `ds1ac`
  ADD PRIMARY KEY (`kd_user`);

--
-- Indeks untuk tabel `ds1gsm`
--
ALTER TABLE `ds1gsm`
  ADD PRIMARY KEY (`kd_user`);

--
-- Indeks untuk tabel `ds1psp`
--
ALTER TABLE `ds1psp`
  ADD PRIMARY KEY (`kd_user`);

--
-- Indeks untuk tabel `ds1ra`
--
ALTER TABLE `ds1ra`
  ADD PRIMARY KEY (`kd_user`);

--
-- Indeks untuk tabel `ds1se`
--
ALTER TABLE `ds1se`
  ADD PRIMARY KEY (`kd_user`);

--
-- Indeks untuk tabel `ds1ta`
--
ALTER TABLE `ds1ta`
  ADD PRIMARY KEY (`kd_user`);

--
-- Indeks untuk tabel `ds5ac`
--
ALTER TABLE `ds5ac`
  ADD PRIMARY KEY (`kd_user`);

--
-- Indeks untuk tabel `ds5gsm`
--
ALTER TABLE `ds5gsm`
  ADD PRIMARY KEY (`kd_user`);

--
-- Indeks untuk tabel `ds5psp`
--
ALTER TABLE `ds5psp`
  ADD PRIMARY KEY (`kd_user`);

--
-- Indeks untuk tabel `ds5ra`
--
ALTER TABLE `ds5ra`
  ADD PRIMARY KEY (`kd_user`);

--
-- Indeks untuk tabel `ds5se`
--
ALTER TABLE `ds5se`
  ADD PRIMARY KEY (`kd_user`);

--
-- Indeks untuk tabel `ds5ta`
--
ALTER TABLE `ds5ta`
  ADD PRIMARY KEY (`kd_user`);

--
-- Indeks untuk tabel `ds10ac`
--
ALTER TABLE `ds10ac`
  ADD PRIMARY KEY (`kd_user`);

--
-- Indeks untuk tabel `ds10gsm`
--
ALTER TABLE `ds10gsm`
  ADD PRIMARY KEY (`kd_user`);

--
-- Indeks untuk tabel `ds10psp`
--
ALTER TABLE `ds10psp`
  ADD PRIMARY KEY (`kd_user`);

--
-- Indeks untuk tabel `ds10ra`
--
ALTER TABLE `ds10ra`
  ADD PRIMARY KEY (`kd_user`);

--
-- Indeks untuk tabel `ds10se`
--
ALTER TABLE `ds10se`
  ADD PRIMARY KEY (`kd_user`);

--
-- Indeks untuk tabel `ds10ta`
--
ALTER TABLE `ds10ta`
  ADD PRIMARY KEY (`kd_user`);

--
-- Indeks untuk tabel `kuesioner`
--
ALTER TABLE `kuesioner`
  ADD PRIMARY KEY (`No`);

--
-- Indeks untuk tabel `user`
--
ALTER TABLE `user`
  ADD PRIMARY KEY (`kd_user`);

--
-- AUTO_INCREMENT untuk tabel yang dibuang
--

--
-- AUTO_INCREMENT untuk tabel `kuesioner`
--
ALTER TABLE `kuesioner`
  MODIFY `No` int(11) NOT NULL AUTO_INCREMENT, AUTO_INCREMENT=2;
COMMIT;

/*!40101 SET CHARACTER_SET_CLIENT=@OLD_CHARACTER_SET_CLIENT */;
/*!40101 SET CHARACTER_SET_RESULTS=@OLD_CHARACTER_SET_RESULTS */;
/*!40101 SET COLLATION_CONNECTION=@OLD_COLLATION_CONNECTION */;
